,STATION,Day of Week,ENTRIES
0,1 AV,0,15817.77966101695
1,1 AV,1,17275.050847457627
2,1 AV,2,18004.661016949154
3,1 AV,3,18011.322033898305
4,1 AV,4,18247.237288135595
5,1 AV,5,8542.745762711864
6,1 AV,6,6837.813559322034
7,103 ST,0,26281.322033898305
8,103 ST,1,28493.915254237287
9,103 ST,2,28709.669491525423
10,103 ST,3,28674.70338983051
11,103 ST,4,28138.5593220339
12,103 ST,5,16108.593220338984
13,103 ST,6,12908.898305084746
14,103 ST-CORONA,0,18012.103448275862
15,103 ST-CORONA,1,18652.655172413793
16,103 ST-CORONA,2,19199.0
17,103 ST-CORONA,3,19083.344827586207
18,103 ST-CORONA,4,19260.53448275862
19,103 ST-CORONA,5,12822.896551724138
20,103 ST-CORONA,6,9633.586206896553
21,104 ST,0,3656.1525423728813
22,104 ST,1,3987.813559322034
23,104 ST,2,4056.7796610169494
24,104 ST,3,4025.9830508474574
25,104 ST,4,3930.8050847457625
26,104 ST,5,1365.7457627118645
27,104 ST,6,980.4406779661017
28,110 ST,0,9325.793103448275
29,110 ST,1,9935.896551724138
30,110 ST,2,10290.568965517241
31,110 ST,3,10165.98275862069
32,110 ST,4,10233.508771929824
33,110 ST,5,6029.637931034483
34,110 ST,6,4480.913793103448
35,111 ST,0,13945.118644067798
36,111 ST,1,14629.35593220339
37,111 ST,2,15002.762711864407
38,111 ST,3,14838.64406779661
39,111 ST,4,14250.542372881357
40,111 ST,5,9028.593220338984
41,111 ST,6,6720.4915254237285
42,116 ST,0,28712.9406779661
43,116 ST,1,30659.542372881355
44,116 ST,2,30060.050847457627
45,116 ST,3,30092.330508474577
46,116 ST,4,29945.72033898305
47,116 ST,5,17496.22033898305
48,116 ST,6,16121.474576271186
49,116 ST-COLUMBIA,0,12056.105263157895
50,116 ST-COLUMBIA,1,13254.754385964912
51,116 ST-COLUMBIA,2,13484.912280701754
52,116 ST-COLUMBIA,3,13675.859649122807
53,116 ST-COLUMBIA,4,12743.912280701754
54,116 ST-COLUMBIA,5,6258.793103448276
55,116 ST-COLUMBIA,6,4865.25
56,121 ST,0,1590.2711864406779
57,121 ST,1,1730.3559322033898
58,121 ST,2,1782.322033898305
59,121 ST,3,1847.3983050847457
60,121 ST,4,1730.0169491525423
61,121 ST,5,481.864406779661
62,121 ST,6,364.96610169491527
63,125 ST,0,66027.86440677966
64,125 ST,1,68823.56779661016
65,125 ST,2,69464.52542372882
66,125 ST,3,71260.15254237287
67,125 ST,4,69152.2627118644
68,125 ST,5,44450.91525423729
69,125 ST,6,36801.61016949153
70,135 ST,0,16638.07627118644
71,135 ST,1,18091.13559322034
72,135 ST,2,18670.974576271186
73,135 ST,3,18656.64406779661
74,135 ST,4,18133.694915254237
75,135 ST,5,10387.06779661017
76,135 ST,6,8226.35593220339
77,137 ST CITY COL,0,11523.612068965518
78,137 ST CITY COL,1,12332.98275862069
79,137 ST CITY COL,2,12621.01724137931
80,137 ST CITY COL,3,12612.879310344828
81,137 ST CITY COL,4,11777.163793103447
82,137 ST CITY COL,5,7935.379310344828
83,137 ST CITY COL,6,6210.551724137931
84,138/GRAND CONC,0,2816.2413793103447
85,138/GRAND CONC,1,3096.0689655172414
86,138/GRAND CONC,2,3172.1724137931033
87,138/GRAND CONC,3,3105.396551724138
88,138/GRAND CONC,4,3020.948275862069
89,138/GRAND CONC,5,1550.9310344827586
90,138/GRAND CONC,6,1050.948275862069
91,14 ST,0,48965.96610169492
92,14 ST,1,54683.957627118645
93,14 ST,2,56652.254237288136
94,14 ST,3,56582.27118644068
95,14 ST,4,54609.13559322034
96,14 ST,5,31873.28813559322
97,14 ST,6,25717.406779661018
98,14 ST-UNION SQ,0,79816.27966101695
99,14 ST-UNION SQ,1,85013.75423728813
100,14 ST-UNION SQ,2,88315.48305084746
101,14 ST-UNION SQ,3,86814.35593220338
102,14 ST-UNION SQ,4,86388.41525423729
103,14 ST-UNION SQ,5,58381.457627118645
104,14 ST-UNION SQ,6,44928.63559322034
105,145 ST,0,30006.06779661017
106,145 ST,1,31471.35593220339
107,145 ST,2,32619.101694915254
108,145 ST,3,32439.5593220339
109,145 ST,4,31882.677966101695
110,145 ST,5,21632.42372881356
111,145 ST,6,17524.728813559323
112,149/GRAND CONC,0,11072.353448275862
113,149/GRAND CONC,1,12016.034482758621
114,149/GRAND CONC,2,12321.870689655172
115,149/GRAND CONC,3,12164.844827586207
116,149/GRAND CONC,4,10793.103448275862
117,149/GRAND CONC,5,6262.232758620689
118,149/GRAND CONC,6,4703.474137931034
119,14TH STREET,0,8826.0
120,14TH STREET,1,9104.137931034482
121,14TH STREET,2,10767.741379310344
122,14TH STREET,3,9626.137931034482
123,14TH STREET,4,8952.370689655172
124,14TH STREET,5,4260.077586206897
125,14TH STREET,6,3526.8706896551726
126,15 ST-PROSPECT,0,5501.482758620689
127,15 ST-PROSPECT,1,5995.318965517241
128,15 ST-PROSPECT,2,6197.586206896552
129,15 ST-PROSPECT,3,6171.810344827586
130,15 ST-PROSPECT,4,5877.931034482759
131,15 ST-PROSPECT,5,3077.5689655172414
132,15 ST-PROSPECT,6,2344.4137931034484
133,155 ST,0,5828.322033898305
134,155 ST,1,6202.847457627118
135,155 ST,2,6367.169491525424
136,155 ST,3,6391.440677966101
137,155 ST,4,6388.203389830508
138,155 ST,5,3787.4745762711864
139,155 ST,6,3009.9322033898306
140,157 ST,0,10314.379310344828
141,157 ST,1,10910.327586206897
142,157 ST,2,11206.793103448275
143,157 ST,3,11141.293103448275
144,157 ST,4,11076.344827586207
145,157 ST,5,6564.362068965517
146,157 ST,6,5619.206896551724
147,161/YANKEE STAD,0,20845.042372881355
148,161/YANKEE STAD,1,21294.008474576272
149,161/YANKEE STAD,2,23782.15254237288
150,161/YANKEE STAD,3,22456.313559322032
151,161/YANKEE STAD,4,21455.84745762712
152,161/YANKEE STAD,5,15583.525423728814
153,161/YANKEE STAD,6,12637.830508474577
154,163 ST-AMSTERDM,0,3566.4102564102564
155,163 ST-AMSTERDM,1,3784.25641025641
156,163 ST-AMSTERDM,2,3924.7375
157,163 ST-AMSTERDM,3,3828.3
158,163 ST-AMSTERDM,4,3922.641025641026
159,163 ST-AMSTERDM,5,2496.102564102564
160,163 ST-AMSTERDM,6,2035.7435897435898
161,167 ST,0,13260.21186440678
162,167 ST,1,13764.169491525423
163,167 ST,2,14472.686440677966
164,167 ST,3,14621.64406779661
165,167 ST,4,14218.703389830509
166,167 ST,5,8731.966101694916
167,167 ST,6,7575.542372881356
168,168 ST,0,22320.872881355932
169,168 ST,1,22089.254237288136
170,168 ST,2,22507.050847457627
171,168 ST,3,22287.449152542373
172,168 ST,4,21594.101694915254
173,168 ST,5,12325.169491525423
174,168 ST,6,9699.745762711864
175,169 ST,0,7274.9152542372885
176,169 ST,1,7665.483050847458
177,169 ST,2,7946.033898305085
178,169 ST,3,7875.830508474576
179,169 ST,4,7642.220338983051
180,169 ST,5,4303.033898305085
181,169 ST,6,3225.35593220339
182,170 ST,0,13933.457627118643
183,170 ST,1,14551.237288135593
184,170 ST,2,15287.305084745763
185,170 ST,3,15118.322033898305
186,170 ST,4,15042.661016949152
187,170 ST,5,8720.398305084746
188,170 ST,6,6603.228813559322
189,174 ST,0,5898.396551724138
190,174 ST,1,6277.775862068966
191,174 ST,2,6543.327586206897
192,174 ST,3,6306.810344827586
193,174 ST,4,6395.6140350877195
194,174 ST,5,3350.2241379310344
195,174 ST,6,2452.551724137931
196,174-175 STS,0,4141.743902439024
197,174-175 STS,1,4535.1875
198,174-175 STS,2,4596.0375
199,174-175 STS,3,4616.925
200,174-175 STS,4,4618.2
201,174-175 STS,5,2580.2926829268295
202,174-175 STS,6,1952.5853658536585
203,175 ST,0,11294.864406779661
204,175 ST,1,12088.457627118643
205,175 ST,2,12252.898305084746
206,175 ST,3,12340.43220338983
207,175 ST,4,12140.271186440677
208,175 ST,5,6829.728813559322
209,175 ST,6,5375.542372881356
210,176 ST,0,5089.862068965517
211,176 ST,1,5374.224137931034
212,176 ST,2,5537.258620689655
213,176 ST,3,5458.051724137931
214,176 ST,4,5433.293103448276
215,176 ST,5,3034.0344827586205
216,176 ST,6,2269.1724137931033
217,18 AV,0,11732.322033898305
218,18 AV,1,12336.305084745763
219,18 AV,2,12668.93220338983
220,18 AV,3,12496.881355932202
221,18 AV,4,12194.627118644068
222,18 AV,5,6408.440677966101
223,18 AV,6,5501.067796610169
224,18 ST,0,7108.767241379311
225,18 ST,1,8025.939655172414
226,18 ST,2,8272.120689655172
227,18 ST,3,8372.155172413793
228,18 ST,4,7871.120689655172
229,18 ST,5,3962.387931034483
230,18 ST,6,2919.2758620689656
231,181 ST,0,19644.745762711864
232,181 ST,1,20930.593220338982
233,181 ST,2,21565.322033898305
234,181 ST,3,21614.610169491527
235,181 ST,4,21123.93220338983
236,181 ST,5,12725.898305084746
237,181 ST,6,10450.610169491525
238,182-183 STS,0,4226.474576271186
239,182-183 STS,1,4533.35593220339
240,182-183 STS,2,4593.220338983051
241,182-183 STS,3,4550.661016949152
242,182-183 STS,4,4565.932203389831
243,182-183 STS,5,2753.491525423729
244,182-183 STS,6,2186.669491525424
245,183 ST,0,5124.629310344828
246,183 ST,1,5303.672413793103
247,183 ST,2,5480.336206896552
248,183 ST,3,5436.0344827586205
249,183 ST,4,5411.379310344828
250,183 ST,5,3380.9655172413795
251,183 ST,6,2616.7413793103447
252,190 ST,0,4043.9830508474574
253,190 ST,1,4458.862068965517
254,190 ST,2,4508.0344827586205
255,190 ST,3,4608.771929824561
256,190 ST,4,4388.571428571428
257,190 ST,5,2645.64406779661
258,190 ST,6,2303.228813559322
259,191 ST,0,6841.586206896552
260,191 ST,1,7315.681034482759
261,191 ST,2,7526.1551724137935
262,191 ST,3,7426.551724137931
263,191 ST,4,7269.789473684211
264,191 ST,5,4202.827586206897
265,191 ST,6,3590.310344827586
266,2 AV,0,12348.672413793103
267,2 AV,1,13549.896551724138
268,2 AV,2,14002.706896551725
269,2 AV,3,14248.086206896553
270,2 AV,4,14561.034482758621
271,2 AV,5,9011.810344827587
272,2 AV,6,7702.396551724138
273,20 AV,0,7971.0
274,20 AV,1,8327.64406779661
275,20 AV,2,8426.347457627118
276,20 AV,3,8364.542372881357
277,20 AV,4,8266.033898305084
278,20 AV,5,4370.949152542373
279,20 AV,6,3646.169491525424
280,207 ST,0,5450.4655172413795
281,207 ST,1,5764.105263157895
282,207 ST,2,5895.271929824561
283,207 ST,3,5877.392857142857
284,207 ST,4,5870.830357142857
285,207 ST,5,3594.3275862068967
286,207 ST,6,2926.551724137931
287,21 ST,0,1413.4915254237287
288,21 ST,1,1530.6271186440679
289,21 ST,2,1545.8813559322034
290,21 ST,3,1571.7796610169491
291,21 ST,4,1546.457627118644
292,21 ST,5,749.0847457627119
293,21 ST,6,579.271186440678
294,21 ST-QNSBRIDGE,0,9689.810344827587
295,21 ST-QNSBRIDGE,1,10284.01724137931
296,21 ST-QNSBRIDGE,2,10644.655172413793
297,21 ST-QNSBRIDGE,3,10627.741379310344
298,21 ST-QNSBRIDGE,4,10589.344827586207
299,21 ST-QNSBRIDGE,5,5711.8448275862065
300,21 ST-QNSBRIDGE,6,4382.862068965517
301,215 ST,0,1577.6206896551723
302,215 ST,1,1702.8275862068965
303,215 ST,2,1718.0689655172414
304,215 ST,3,1683.9827586206898
305,215 ST,4,1647.8793103448277
306,215 ST,5,938.1206896551724
307,215 ST,6,710.551724137931
308,219 ST,0,2909.310344827586
309,219 ST,1,3078.4310344827586
310,219 ST,2,3156.7586206896553
311,219 ST,3,3161.206896551724
312,219 ST,4,3207.905172413793
313,219 ST,5,1650.4310344827586
314,219 ST,6,1216.2413793103449
315,225 ST,0,3568.7241379310344
316,225 ST,1,3744.448275862069
317,225 ST,2,3857.0689655172414
318,225 ST,3,3820.5689655172414
319,225 ST,4,3815.2241379310344
320,225 ST,5,2035.7931034482758
321,225 ST,6,1539.5862068965516
322,23 ST,0,91778.2627118644
323,23 ST,1,103657.95762711864
324,23 ST,2,104222.07627118644
325,23 ST,3,106286.40677966102
326,23 ST,4,90934.69491525424
327,23 ST,5,45404.372881355936
328,23 ST,6,35859.28813559322
329,231 ST,0,9035.103448275862
330,231 ST,1,9675.241379310344
331,231 ST,2,9976.310344827587
332,231 ST,3,9962.172413793103
333,231 ST,4,9756.189655172413
334,231 ST,5,4726.103448275862
335,231 ST,6,3869.793103448276
336,233 ST,0,4335.4655172413795
337,233 ST,1,4506.051724137931
338,233 ST,2,4623.293103448276
339,233 ST,3,4588.0344827586205
340,233 ST,4,4563.431034482759
341,233 ST,5,2434.896551724138
342,233 ST,6,1763.4655172413793
343,238 ST,0,2802.8928571428573
344,238 ST,1,3042.8035714285716
345,238 ST,2,3072.9821428571427
346,238 ST,3,3103.4464285714284
347,238 ST,4,3072.909090909091
348,238 ST,5,1276.0
349,238 ST,6,1063.4642857142858
350,25 AV,0,4656.745762711865
351,25 AV,1,4835.033898305085
352,25 AV,2,4952.135593220339
353,25 AV,3,4973.779661016949
354,25 AV,4,4827.796610169492
355,25 AV,5,2481.9830508474574
356,25 AV,6,2036.6271186440679
357,25 ST,0,3306.0
358,25 ST,1,3567.228813559322
359,25 ST,2,3609.4745762711864
360,25 ST,3,3535.601694915254
361,25 ST,4,3457.101694915254
362,25 ST,5,1894.8813559322034
363,25 ST,6,1496.7966101694915
364,28 ST,0,33832.61016949153
365,28 ST,1,35541.279661016946
366,28 ST,2,36495.101694915254
367,28 ST,3,37057.016949152545
368,28 ST,4,33387.245762711864
369,28 ST,5,16193.864406779661
370,28 ST,6,12815.101694915254
371,3 AV,0,4756.525423728814
372,3 AV,1,5158.186440677966
373,3 AV,2,5236.71186440678
374,3 AV,3,5167.864406779661
375,3 AV,4,5395.745762711865
376,3 AV,5,2807.6949152542375
377,3 AV,6,2362.237288135593
378,3 AV 138 ST,0,7009.836206896552
379,3 AV 138 ST,1,7547.922413793103
380,3 AV 138 ST,2,7785.9655172413795
381,3 AV 138 ST,3,7741.551724137931
382,3 AV 138 ST,4,7608.7155172413795
383,3 AV 138 ST,5,4544.896551724138
384,3 AV 138 ST,6,3600.155172413793
385,3 AV-149 ST,0,19810.931034482757
386,3 AV-149 ST,1,20792.48275862069
387,3 AV-149 ST,2,20362.068965517243
388,3 AV-149 ST,3,20850.637931034482
389,3 AV-149 ST,4,21447.58620689655
390,3 AV-149 ST,5,11137.137931034482
391,3 AV-149 ST,6,7901.827586206897
392,30 AV,0,14595.358490566037
393,30 AV,1,15911.981132075472
394,30 AV,2,16017.944444444445
395,30 AV,3,16049.564814814816
396,30 AV,4,15036.861111111111
397,30 AV,5,5141.018867924528
398,30 AV,6,3855.0377358490564
399,33 ST,0,27315.155172413793
400,33 ST,1,30246.568965517243
401,33 ST,2,30358.043103448275
402,33 ST,3,30408.025862068964
403,33 ST,4,28175.793103448275
404,33 ST,5,10736.603448275862
405,33 ST,6,8275.396551724138
406,33 ST-RAWSON ST,0,9221.172413793103
407,33 ST-RAWSON ST,1,10156.0
408,33 ST-RAWSON ST,2,10353.396551724138
409,33 ST-RAWSON ST,3,10443.206896551725
410,33 ST-RAWSON ST,4,8252.344827586207
411,33 ST-RAWSON ST,5,2440.4310344827586
412,33 ST-RAWSON ST,6,1347.5862068965516
413,34 ST-HERALD SQ,0,103356.31355932204
414,34 ST-HERALD SQ,1,109811.99152542373
415,34 ST-HERALD SQ,2,114603.79661016949
416,34 ST-HERALD SQ,3,111593.27118644067
417,34 ST-HERALD SQ,4,110421.5
418,34 ST-HERALD SQ,5,58464.41525423729
419,34 ST-HERALD SQ,6,48572.23728813559
420,34 ST-HUDSON YD,0,11479.103448275862
421,34 ST-HUDSON YD,1,12284.051724137931
422,34 ST-HUDSON YD,2,12524.672413793103
423,34 ST-HUDSON YD,3,12717.344827586207
424,34 ST-HUDSON YD,4,12485.103448275862
425,34 ST-HUDSON YD,5,6645.603448275862
426,34 ST-HUDSON YD,6,5425.120689655172
427,34 ST-PENN STA,0,144719.9745762712
428,34 ST-PENN STA,1,154444.9745762712
429,34 ST-PENN STA,2,150665.07627118644
430,34 ST-PENN STA,3,153938.38983050847
431,34 ST-PENN STA,4,138927.4745762712
432,34 ST-PENN STA,5,73499.34745762713
433,34 ST-PENN STA,6,63376.85593220339
434,36 AV,0,7322.943396226415
435,36 AV,1,7822.490566037736
436,36 AV,2,7952.166666666667
437,36 AV,3,8037.694444444444
438,36 AV,4,7717.407407407408
439,36 AV,5,2537.0943396226417
440,36 AV,6,1942.1509433962265
441,36 ST,0,16400.601694915254
442,36 ST,1,17678.101694915254
443,36 ST,2,18290.101694915254
444,36 ST,3,18276.322033898305
445,36 ST,4,17393.627118644068
446,36 ST,5,10784.745762711864
447,36 ST,6,7793.78813559322
448,39 AV,0,2351.7241379310344
449,39 AV,1,2841.8571428571427
450,39 AV,2,2891.4285714285716
451,39 AV,3,2931.25
452,39 AV,4,2564.103448275862
453,39 AV,5,822.0
454,39 AV,6,587.6206896551724
455,4 AV-9 ST,0,3012.5172413793102
456,4 AV-9 ST,1,3226.103448275862
457,4 AV-9 ST,2,3288.844827586207
458,4 AV-9 ST,3,3284.6724137931033
459,4 AV-9 ST,4,3224.810344827586
460,4 AV-9 ST,5,1885.8620689655172
461,4 AV-9 ST,6,1482.5344827586207
462,40 ST LOWERY ST,0,8853.862068965518
463,40 ST LOWERY ST,1,9426.896551724138
464,40 ST LOWERY ST,2,9692.0
465,40 ST LOWERY ST,3,9671.465517241379
466,40 ST LOWERY ST,4,9544.620689655172
467,40 ST LOWERY ST,5,4913.758620689655
468,40 ST LOWERY ST,6,3718.7758620689656
469,42 ST-BRYANT PK,0,37451.32203389831
470,42 ST-BRYANT PK,1,38565.601694915254
471,42 ST-BRYANT PK,2,39160.27118644068
472,42 ST-BRYANT PK,3,39471.879310344826
473,42 ST-BRYANT PK,4,37308.6724137931
474,42 ST-BRYANT PK,5,12847.033898305084
475,42 ST-BRYANT PK,6,9658.07627118644
476,42 ST-PORT AUTH,0,88292.38983050847
477,42 ST-PORT AUTH,1,93804.13559322034
478,42 ST-PORT AUTH,2,94592.86440677966
479,42 ST-PORT AUTH,3,95337.86440677966
480,42 ST-PORT AUTH,4,90237.34745762713
481,42 ST-PORT AUTH,5,54337.627118644064
482,42 ST-PORT AUTH,6,45984.8813559322
483,45 ST,0,6751.3050847457625
484,45 ST,1,7170.8983050847455
485,45 ST,2,7339.949152542373
486,45 ST,3,7287.338983050848
487,45 ST,4,7223.71186440678
488,45 ST,5,4546.610169491525
489,45 ST,6,3586.762711864407
490,46 ST,0,7573.203389830508
491,46 ST,1,8210.92372881356
492,46 ST,2,8472.093220338984
493,46 ST,3,8467.661016949152
494,46 ST,4,8258.516949152543
495,46 ST,5,4537.313559322034
496,46 ST,6,3461.084745762712
497,46 ST BLISS ST,0,11256.448275862069
498,46 ST BLISS ST,1,11919.793103448275
499,46 ST BLISS ST,2,12223.5
500,46 ST BLISS ST,3,12219.155172413793
501,46 ST BLISS ST,4,12279.689655172413
502,46 ST BLISS ST,5,7600.836206896552
503,46 ST BLISS ST,6,5611.482758620689
504,47-50 STS ROCK,0,51389.28813559322
505,47-50 STS ROCK,1,56583.79661016949
506,47-50 STS ROCK,2,56920.0593220339
507,47-50 STS ROCK,3,57911.4406779661
508,47-50 STS ROCK,4,54408.686440677964
509,47-50 STS ROCK,5,16620.13559322034
510,47-50 STS ROCK,6,12978.940677966102
511,49 ST,0,19132.77966101695
512,49 ST,1,20993.07627118644
513,49 ST,2,22138.949152542373
514,49 ST,3,21942.338983050846
515,49 ST,4,21480.15254237288
516,49 ST,5,12096.686440677966
517,49 ST,6,10425.610169491525
518,4AV-9 ST,0,7879.3050847457625
519,4AV-9 ST,1,8550.830508474577
520,4AV-9 ST,2,8701.322033898305
521,4AV-9 ST,3,8791.21186440678
522,4AV-9 ST,4,8391.271186440677
523,4AV-9 ST,5,4659.28813559322
524,4AV-9 ST,6,3653.593220338983
525,5 AV/53 ST,0,24582.06779661017
526,5 AV/53 ST,1,27509.627118644068
527,5 AV/53 ST,2,27397.15254237288
528,5 AV/53 ST,3,27842.01694915254
529,5 AV/53 ST,4,26586.084745762713
530,5 AV/53 ST,5,6422.135593220339
531,5 AV/53 ST,6,5143.703389830508
532,5 AV/59 ST,0,14374.161016949152
533,5 AV/59 ST,1,15963.0
534,5 AV/59 ST,2,15861.889830508475
535,5 AV/59 ST,3,16488.35593220339
536,5 AV/59 ST,4,17232.322033898305
537,5 AV/59 ST,5,8995.016949152543
538,5 AV/59 ST,6,8576.101694915254
539,5 AVE,0,10627.236842105263
540,5 AVE,1,11807.21052631579
541,5 AVE,2,11954.666666666666
542,5 AVE,3,12019.157894736842
543,5 AVE,4,11150.561403508771
544,5 AVE,5,4496.060344827586
545,5 AVE,6,3168.9913793103447
546,50 ST,0,39328.20338983051
547,50 ST,1,41920.06779661017
548,50 ST,2,44277.9406779661
549,50 ST,3,44780.372881355936
550,50 ST,4,43568.457627118645
551,50 ST,5,24032.610169491527
552,50 ST,6,21579.22033898305
553,51 ST,0,17745.224137931036
554,51 ST,1,19428.224137931036
555,51 ST,2,20004.48275862069
556,51 ST,3,20233.810344827587
557,51 ST,4,19195.603448275862
558,51 ST,5,7860.431034482759
559,51 ST,6,6357.862068965517
560,52 ST,0,5071.275862068966
561,52 ST,1,5414.9051724137935
562,52 ST,2,5519.706896551724
563,52 ST,3,5472.75
564,52 ST,4,5510.30701754386
565,52 ST,5,3221.310344827586
566,52 ST,6,2462.4827586206898
567,53 ST,0,7571.8983050847455
568,53 ST,1,7909.8983050847455
569,53 ST,2,8139.932203389831
570,53 ST,3,8032.932203389831
571,53 ST,4,7907.745762711865
572,53 ST,5,5034.627118644068
573,53 ST,6,4014.5423728813557
574,55 ST,0,2081.2542372881358
575,55 ST,1,2176.9322033898306
576,55 ST,2,2195.9322033898306
577,55 ST,3,2182.2881355932204
578,55 ST,4,2000.3050847457628
579,55 ST,5,625.7796610169491
580,55 ST,6,883.457627118644
581,57 ST,0,9848.638888888889
582,57 ST,1,10827.642857142857
583,57 ST,2,11657.485714285714
584,57 ST,3,12127.857142857143
585,57 ST,4,11930.371428571429
586,57 ST,5,5461.657142857143
587,57 ST,6,4377.5142857142855
588,57 ST-7 AV,0,30016.305084745763
589,57 ST-7 AV,1,32775.661016949154
590,57 ST-7 AV,2,33278.813559322036
591,57 ST-7 AV,3,33370.69491525424
592,57 ST-7 AV,4,31257.915254237287
593,57 ST-7 AV,5,18966.610169491527
594,57 ST-7 AV,6,15656.550847457627
595,59 ST,0,55395.05084745763
596,59 ST,1,60283.813559322036
597,59 ST,2,60087.34745762712
598,59 ST,3,59509.78813559322
599,59 ST,4,59905.220338983054
600,59 ST,5,33471.49152542373
601,59 ST,6,25537.610169491527
602,59 ST COLUMBUS,0,59703.84745762712
603,59 ST COLUMBUS,1,64361.61016949153
604,59 ST COLUMBUS,2,65370.127118644064
605,59 ST COLUMBUS,3,66198.67796610169
606,59 ST COLUMBUS,4,61499.542372881355
607,59 ST COLUMBUS,5,37684.84745762712
608,59 ST COLUMBUS,6,31492.593220338982
609,6 AV,0,4582.576271186441
610,6 AV,1,4976.779661016949
611,6 AV,2,5117.593220338983
612,6 AV,3,5152.457627118644
613,6 AV,4,5165.372881355932
614,6 AV,5,3205.728813559322
615,6 AV,6,2425.5423728813557
616,61 ST WOODSIDE,0,15027.603448275862
617,61 ST WOODSIDE,1,15617.76724137931
618,61 ST WOODSIDE,2,15969.724137931034
619,61 ST WOODSIDE,3,16073.491228070176
620,61 ST WOODSIDE,4,15887.543859649122
621,61 ST WOODSIDE,5,10137.655172413793
622,61 ST WOODSIDE,6,8120.741379310345
623,63 DR-REGO PARK,0,14111.474576271186
624,63 DR-REGO PARK,1,14837.322033898305
625,63 DR-REGO PARK,2,15212.271186440677
626,63 DR-REGO PARK,3,15154.406779661016
627,63 DR-REGO PARK,4,14557.813559322034
628,63 DR-REGO PARK,5,7582.983050847458
629,63 DR-REGO PARK,6,6040.271186440678
630,65 ST,0,3289.9491525423728
631,65 ST,1,3503.4491525423728
632,65 ST,2,3515.9322033898306
633,65 ST,3,3524.3728813559323
634,65 ST,4,3512.7118644067796
635,65 ST,5,2018.0338983050847
636,65 ST,6,1617.677966101695
637,66 ST-LINCOLN,0,18015.396551724138
638,66 ST-LINCOLN,1,19701.293103448275
639,66 ST-LINCOLN,2,19871.01724137931
640,66 ST-LINCOLN,3,20014.344827586207
641,66 ST-LINCOLN,4,18840.58620689655
642,66 ST-LINCOLN,5,10955.689655172413
643,66 ST-LINCOLN,6,9246.198275862069
644,67 AV,0,7988.8983050847455
645,67 AV,1,8623.406779661016
646,67 AV,2,8878.372881355932
647,67 AV,3,8865.64406779661
648,67 AV,4,8251.084745762711
649,67 AV,5,3628.9576271186443
650,67 AV,6,2804.6101694915255
651,68ST-HUNTER CO,0,19310.793103448275
652,68ST-HUNTER CO,1,21602.96551724138
653,68ST-HUNTER CO,2,20953.83620689655
654,68ST-HUNTER CO,3,21903.206896551725
655,68ST-HUNTER CO,4,19069.603448275862
656,68ST-HUNTER CO,5,7092.775862068966
657,68ST-HUNTER CO,6,5326.879310344828
658,69 ST,0,4311.982758620689
659,69 ST,1,4436.275862068966
660,69 ST,2,4493.0
661,69 ST,3,4475.310344827586
662,69 ST,4,4507.206896551724
663,69 ST,5,3018.9137931034484
664,69 ST,6,2403.4310344827586
665,7 AV,0,33639.71186440678
666,7 AV,1,37326.813559322036
667,7 AV,2,37623.398305084746
668,7 AV,3,38213.52542372881
669,7 AV,4,36400.38983050847
670,7 AV,5,16903.86440677966
671,7 AV,6,13671.169491525423
672,71 ST,0,5320.5084745762715
673,71 ST,1,5531.830508474576
674,71 ST,2,5643.610169491525
675,71 ST,3,5524.593220338983
676,71 ST,4,5433.813559322034
677,71 ST,5,2946.5254237288136
678,71 ST,6,2439.0508474576272
679,72 ST,0,36314.19827586207
680,72 ST,1,39803.41379310345
681,72 ST,2,40358.49137931035
682,72 ST,3,40681.81034482759
683,72 ST,4,40001.08620689655
684,72 ST,5,27042.275862068964
685,72 ST,6,23832.620689655174
686,72 ST-2 AVE,0,25855.08620689655
687,72 ST-2 AVE,1,28685.741379310344
688,72 ST-2 AVE,2,29352.379310344826
689,72 ST-2 AVE,3,29268.603448275862
690,72 ST-2 AVE,4,27738.241379310344
691,72 ST-2 AVE,5,12832.896551724138
692,72 ST-2 AVE,6,9808.672413793103
693,74 ST-BROADWAY,0,2692.396551724138
694,74 ST-BROADWAY,1,2648.9827586206898
695,74 ST-BROADWAY,2,2673.655172413793
696,74 ST-BROADWAY,3,2637.0344827586205
697,74 ST-BROADWAY,4,2702.9310344827586
698,74 ST-BROADWAY,5,2400.603448275862
699,74 ST-BROADWAY,6,2020.0344827586207
700,75 AV,0,3155.4576271186443
701,75 AV,1,3442.9830508474574
702,75 AV,2,3473.813559322034
703,75 AV,3,3454.3728813559323
704,75 AV,4,3222.6271186440677
705,75 AV,5,1499.457627118644
706,75 AV,6,1175.084745762712
707,75 ST-ELDERTS,0,3083.3050847457625
708,75 ST-ELDERTS,1,3341.9661016949153
709,75 ST-ELDERTS,2,3456.322033898305
710,75 ST-ELDERTS,3,3403.3898305084745
711,75 ST-ELDERTS,4,3353.9406779661017
712,75 ST-ELDERTS,5,951.2372881355932
713,75 ST-ELDERTS,6,718.457627118644
714,77 ST,0,26259.42372881356
715,77 ST,1,28842.084745762713
716,77 ST,2,29233.949152542373
717,77 ST,3,29389.86440677966
718,77 ST,4,27559.881355932204
719,77 ST,5,13053.627118644068
720,77 ST,6,9908.457627118643
721,79 ST,0,18132.457627118645
722,79 ST,1,19456.5593220339
723,79 ST,2,19918.305084745763
724,79 ST,3,19985.254237288136
725,79 ST,4,19512.084745762713
726,79 ST,5,12335.474576271186
727,79 ST,6,10571.593220338984
728,8 AV,0,27595.389830508473
729,8 AV,1,29628.28813559322
730,8 AV,2,30752.237288135595
731,8 AV,3,30566.525423728814
732,8 AV,4,30732.06779661017
733,8 AV,5,21772.0
734,8 AV,6,18784.898305084746
735,8 ST-NYU,0,13387.618644067798
736,8 ST-NYU,1,14707.957627118643
737,8 ST-NYU,2,14961.084745762711
738,8 ST-NYU,3,15147.101694915254
739,8 ST-NYU,4,14655.084745762711
740,8 ST-NYU,5,10111.06779661017
741,8 ST-NYU,6,11168.016949152543
742,80 ST,0,3962.2542372881358
743,80 ST,1,4223.322033898305
744,80 ST,2,4342.576271186441
745,80 ST,3,4301.5084745762715
746,80 ST,4,4149.327586206897
747,80 ST,5,2263.3898305084745
748,80 ST,6,1690.8813559322034
749,81 ST-MUSEUM,0,13258.618644067798
750,81 ST-MUSEUM,1,14277.440677966102
751,81 ST-MUSEUM,2,14438.610169491525
752,81 ST-MUSEUM,3,14472.322033898305
753,81 ST-MUSEUM,4,15677.447368421053
754,81 ST-MUSEUM,5,8199.35593220339
755,81 ST-MUSEUM,6,7152.4152542372885
756,82 ST-JACKSON H,0,13403.51724137931
757,82 ST-JACKSON H,1,13615.405172413793
758,82 ST-JACKSON H,2,13849.034482758621
759,82 ST-JACKSON H,3,13551.23275862069
760,82 ST-JACKSON H,4,13837.741379310344
761,82 ST-JACKSON H,5,9821.448275862069
762,82 ST-JACKSON H,6,7423.948275862069
763,85 ST-FOREST PK,0,3291.237288135593
764,85 ST-FOREST PK,1,3496.186440677966
765,85 ST-FOREST PK,2,3597.728813559322
766,85 ST-FOREST PK,3,3577.322033898305
767,85 ST-FOREST PK,4,3500.2203389830506
768,85 ST-FOREST PK,5,1022.457627118644
769,85 ST-FOREST PK,6,758.6610169491526
770,86 ST,0,67930.27966101695
771,86 ST,1,73796.21186440678
772,86 ST,2,76964.56779661016
773,86 ST,3,75182.83898305085
774,86 ST,4,71250.92372881356
775,86 ST,5,41857.59322033898
776,86 ST,6,32633.07627118644
777,86 ST-2 AVE,0,21919.44827586207
778,86 ST-2 AVE,1,24165.344827586207
779,86 ST-2 AVE,2,24377.318965517243
780,86 ST-2 AVE,3,24677.293103448275
781,86 ST-2 AVE,4,24175.258620689656
782,86 ST-2 AVE,5,14989.396551724138
783,86 ST-2 AVE,6,11351.48275862069
784,88 ST,0,2652.9491525423728
785,88 ST,1,2826.6610169491523
786,88 ST,2,2889.7796610169494
787,88 ST,3,2871.491525423729
788,88 ST,4,2746.6101694915255
789,88 ST,5,1302.8983050847457
790,88 ST,6,997.9661016949152
791,9 AV,0,4967.762711864407
792,9 AV,1,5149.35593220339
793,9 AV,2,5270.838983050848
794,9 AV,3,5261.1016949152545
795,9 AV,4,5179.033898305085
796,9 AV,5,2771.9322033898306
797,9 AV,6,2321.4576271186443
798,90 ST-ELMHURST,0,14861.310344827587
799,90 ST-ELMHURST,1,15373.689655172413
800,90 ST-ELMHURST,2,15698.879310344828
801,90 ST-ELMHURST,3,15576.275862068966
802,90 ST-ELMHURST,4,15637.155172413793
803,90 ST-ELMHURST,5,10749.48275862069
804,90 ST-ELMHURST,6,8103.396551724138
805,96 ST,0,53370.542372881355
806,96 ST,1,58411.627118644064
807,96 ST,2,60269.52542372881
808,96 ST,3,59914.08474576271
809,96 ST,4,57361.28813559322
810,96 ST,5,31043.5593220339
811,96 ST,6,26581.338983050846
812,96 ST-2 AVE,0,16975.931034482757
813,96 ST-2 AVE,1,18655.48275862069
814,96 ST-2 AVE,2,19088.568965517243
815,96 ST-2 AVE,3,19134.01724137931
816,96 ST-2 AVE,4,18621.362068965518
817,96 ST-2 AVE,5,10514.206896551725
818,96 ST-2 AVE,6,8171.913793103448
819,9TH STREET,0,3858.0
820,9TH STREET,1,4022.2155172413795
821,9TH STREET,2,4362.175438596491
822,9TH STREET,3,4265.122807017544
823,9TH STREET,4,3962.396551724138
824,9TH STREET,5,2652.9137931034484
825,9TH STREET,6,2135.2413793103447
826,ALABAMA AV,0,1900.084745762712
827,ALABAMA AV,1,2006.2203389830509
828,ALABAMA AV,2,2055.7966101694915
829,ALABAMA AV,3,2050.6101694915255
830,ALABAMA AV,4,2021.1694915254238
831,ALABAMA AV,5,982.6271186440678
832,ALABAMA AV,6,755.457627118644
833,ALLERTON AV,0,4607.1551724137935
834,ALLERTON AV,1,4846.224137931034
835,ALLERTON AV,2,5008.931034482759
836,ALLERTON AV,3,4949.258620689655
837,ALLERTON AV,4,4995.017241379311
838,ALLERTON AV,5,2916.6206896551726
839,ALLERTON AV,6,2127.9655172413795
840,AQUEDUCT N.COND,0,819.7966101694915
841,AQUEDUCT N.COND,1,879.8474576271186
842,AQUEDUCT N.COND,2,912.2372881355932
843,AQUEDUCT N.COND,3,915.1355932203389
844,AQUEDUCT N.COND,4,844.4915254237288
845,AQUEDUCT N.COND,5,356.3728813559322
846,AQUEDUCT N.COND,6,268.1864406779661
847,AQUEDUCT RACETR,0,1407.949152542373
848,AQUEDUCT RACETR,1,1383.4745762711864
849,AQUEDUCT RACETR,2,1539.1379310344828
850,AQUEDUCT RACETR,3,1604.9310344827586
851,AQUEDUCT RACETR,4,1706.3103448275863
852,AQUEDUCT RACETR,5,1790.4915254237287
853,AQUEDUCT RACETR,6,1610.2372881355932
854,ASTOR PL,0,12389.698275862069
855,ASTOR PL,1,13954.758620689656
856,ASTOR PL,2,13892.146551724138
857,ASTOR PL,3,14283.275862068966
858,ASTOR PL,4,13584.275862068966
859,ASTOR PL,5,8657.068965517241
860,ASTOR PL,6,6974.103448275862
861,ASTORIA BLVD,0,10422.522727272728
862,ASTORIA BLVD,1,11730.023255813954
863,ASTORIA BLVD,2,12134.186046511628
864,ASTORIA BLVD,3,12073.209302325582
865,ASTORIA BLVD,4,11691.418604651162
866,ASTORIA BLVD,5,3934.8863636363635
867,ASTORIA BLVD,6,3026.1136363636365
868,ASTORIA DITMARS,0,14148.560344827587
869,ASTORIA DITMARS,1,15713.224137931034
870,ASTORIA DITMARS,2,16124.362068965518
871,ASTORIA DITMARS,3,16087.741379310344
872,ASTORIA DITMARS,4,15541.879310344828
873,ASTORIA DITMARS,5,5122.758620689655
874,ASTORIA DITMARS,6,3822.2413793103447
875,ATL AV-BARCLAY,0,36711.77118644068
876,ATL AV-BARCLAY,1,37508.42372881356
877,ATL AV-BARCLAY,2,39599.279661016946
878,ATL AV-BARCLAY,3,39592.86440677966
879,ATL AV-BARCLAY,4,38802.00847457627
880,ATL AV-BARCLAY,5,23026.050847457627
881,ATL AV-BARCLAY,6,19823.93220338983
882,ATLANTIC AV,0,1611.4745762711864
883,ATLANTIC AV,1,1739.593220338983
884,ATLANTIC AV,2,1773.7288135593221
885,ATLANTIC AV,3,1771.1016949152543
886,ATLANTIC AV,4,1786.3559322033898
887,ATLANTIC AV,5,750.3050847457627
888,ATLANTIC AV,6,562.0169491525423
889,AVENUE H,0,3693.9322033898306
890,AVENUE H,1,3285.8474576271187
891,AVENUE H,2,3445.5169491525426
892,AVENUE H,3,4401.35593220339
893,AVENUE H,4,2915.85593220339
894,AVENUE H,5,1414.8813559322034
895,AVENUE H,6,1157.7796610169491
896,AVENUE I,0,1480.5689655172414
897,AVENUE I,1,1563.155172413793
898,AVENUE I,2,1616.2758620689656
899,AVENUE I,3,1627.578947368421
900,AVENUE I,4,1516.2631578947369
901,AVENUE I,5,481.7413793103448
902,AVENUE I,6,566.3448275862069
903,AVENUE J,0,5434.440677966101
904,AVENUE J,1,5757.822033898305
905,AVENUE J,2,5903.627118644068
906,AVENUE J,3,5898.152542372882
907,AVENUE J,4,5416.542372881356
908,AVENUE J,5,2719.2033898305085
909,AVENUE J,6,2802.1610169491523
910,AVENUE M,0,5381.932203389831
911,AVENUE M,1,5618.4915254237285
912,AVENUE M,2,5871.830508474576
913,AVENUE M,3,5824.322033898305
914,AVENUE M,4,5383.881355932203
915,AVENUE M,5,2188.2203389830506
916,AVENUE M,6,2351.6271186440677
917,AVENUE N,0,2369.0344827586205
918,AVENUE N,1,2542.7413793103447
919,AVENUE N,2,2614.2758620689656
920,AVENUE N,3,2557.551724137931
921,AVENUE N,4,2423.862068965517
922,AVENUE N,5,921.2241379310345
923,AVENUE N,6,860.3275862068965
924,AVENUE P,0,1975.3793103448277
925,AVENUE P,1,2133.5
926,AVENUE P,2,2190.793103448276
927,AVENUE P,3,2154.637931034483
928,AVENUE P,4,2062.5344827586205
929,AVENUE P,5,863.2413793103449
930,AVENUE P,6,763.3103448275862
931,AVENUE U,0,10655.966101694916
932,AVENUE U,1,11109.440677966102
933,AVENUE U,2,11460.966101694916
934,AVENUE U,3,11287.135593220339
935,AVENUE U,4,11066.35593220339
936,AVENUE U,5,6599.237288135593
937,AVENUE U,6,5544.093220338983
938,AVENUE X,0,2393.103448275862
939,AVENUE X,1,2554.189655172414
940,AVENUE X,2,2666.4912280701756
941,AVENUE X,3,2648.1929824561403
942,AVENUE X,4,2508.4561403508774
943,AVENUE X,5,1027.1724137931035
944,AVENUE X,6,817.8448275862069
945,B'WAY-LAFAYETTE,0,16778.262711864405
946,B'WAY-LAFAYETTE,1,17999.15254237288
947,B'WAY-LAFAYETTE,2,18283.338983050846
948,B'WAY-LAFAYETTE,3,18854.57627118644
949,B'WAY-LAFAYETTE,4,18906.084745762713
950,B'WAY-LAFAYETTE,5,10578.957627118643
951,B'WAY-LAFAYETTE,6,8142.593220338983
952,BAY 50 ST,0,2456.915254237288
953,BAY 50 ST,1,2635.915254237288
954,BAY 50 ST,2,2672.813559322034
955,BAY 50 ST,3,2655.491525423729
956,BAY 50 ST,4,2591.0677966101694
957,BAY 50 ST,5,1339.9830508474577
958,BAY 50 ST,6,1087.8474576271187
959,BAY PKWY,0,14410.966101694916
960,BAY PKWY,1,15098.525423728814
961,BAY PKWY,2,15444.762711864407
962,BAY PKWY,3,15353.559322033898
963,BAY PKWY,4,15041.694915254237
964,BAY PKWY,5,8532.745762711864
965,BAY PKWY,6,7185.271186440678
966,BAY RIDGE AV,0,6700.9152542372885
967,BAY RIDGE AV,1,7154.949152542373
968,BAY RIDGE AV,2,7368.203389830508
969,BAY RIDGE AV,3,7352.0847457627115
970,BAY RIDGE AV,4,7162.169491525424
971,BAY RIDGE AV,5,3800.2033898305085
972,BAY RIDGE AV,6,3009.4745762711864
973,BAY RIDGE-95 ST,0,5314.762711864407
974,BAY RIDGE-95 ST,1,5745.64406779661
975,BAY RIDGE-95 ST,2,5890.28813559322
976,BAY RIDGE-95 ST,3,5837.525423728814
977,BAY RIDGE-95 ST,4,5532.525423728814
978,BAY RIDGE-95 ST,5,2556.5593220338983
979,BAY RIDGE-95 ST,6,1982.5762711864406
980,BAYCHESTER AV,0,3299.4827586206898
981,BAYCHESTER AV,1,3542.9655172413795
982,BAYCHESTER AV,2,3676.2413793103447
983,BAYCHESTER AV,3,3654.8189655172414
984,BAYCHESTER AV,4,3491.948275862069
985,BAYCHESTER AV,5,1224.6896551724137
986,BAYCHESTER AV,6,871.1206896551724
987,BEACH 105 ST,0,285.8474576271187
988,BEACH 105 ST,1,259.6779661016949
989,BEACH 105 ST,2,288.91525423728814
990,BEACH 105 ST,3,265.66101694915255
991,BEACH 105 ST,4,287.93220338983053
992,BEACH 105 ST,5,214.10169491525423
993,BEACH 105 ST,6,236.76271186440678
994,BEACH 25 ST,0,1601.050847457627
995,BEACH 25 ST,1,1706.1016949152543
996,BEACH 25 ST,2,1753.6379310344828
997,BEACH 25 ST,3,1740.2241379310344
998,BEACH 25 ST,4,1686.9655172413793
999,BEACH 25 ST,5,812.5932203389831
1000,BEACH 25 ST,6,740.5338983050848
1001,BEACH 36 ST,0,832.5762711864406
1002,BEACH 36 ST,1,877.5084745762712
1003,BEACH 36 ST,2,895.1525423728814
1004,BEACH 36 ST,3,897.4067796610169
1005,BEACH 36 ST,4,887.9322033898305
1006,BEACH 36 ST,5,470.33898305084745
1007,BEACH 36 ST,6,377.8305084745763
1008,BEACH 44 ST,0,656.8135593220339
1009,BEACH 44 ST,1,696.9491525423729
1010,BEACH 44 ST,2,706.542372881356
1011,BEACH 44 ST,3,795.5169491525423
1012,BEACH 44 ST,4,707.9322033898305
1013,BEACH 44 ST,5,492.771186440678
1014,BEACH 44 ST,6,302.66101694915255
1015,BEACH 60 ST,0,1786.6440677966102
1016,BEACH 60 ST,1,1891.1694915254238
1017,BEACH 60 ST,2,1928.135593220339
1018,BEACH 60 ST,3,1930.2711864406779
1019,BEACH 60 ST,4,1940.2542372881355
1020,BEACH 60 ST,5,1060.5593220338983
1021,BEACH 60 ST,6,848.9661016949152
1022,BEACH 67 ST,0,1932.8813559322034
1023,BEACH 67 ST,1,2013.3389830508474
1024,BEACH 67 ST,2,2070.898305084746
1025,BEACH 67 ST,3,2050.423728813559
1026,BEACH 67 ST,4,2080.6101694915255
1027,BEACH 67 ST,5,1239.0
1028,BEACH 67 ST,6,1016.7796610169491
1029,BEACH 90 ST,0,1074.8135593220338
1030,BEACH 90 ST,1,1025.3728813559321
1031,BEACH 90 ST,2,1108.3389830508474
1032,BEACH 90 ST,3,1081.0
1033,BEACH 90 ST,4,1079.9830508474577
1034,BEACH 90 ST,5,897.4237288135594
1035,BEACH 90 ST,6,846.1355932203389
1036,BEACH 98 ST,0,480.6271186440678
1037,BEACH 98 ST,1,479.06779661016947
1038,BEACH 98 ST,2,505.1525423728813
1039,BEACH 98 ST,3,500.33898305084745
1040,BEACH 98 ST,4,493.2881355932203
1041,BEACH 98 ST,5,304.64406779661016
1042,BEACH 98 ST,6,286.10169491525426
1043,BEDFORD AV,0,21027.84745762712
1044,BEDFORD AV,1,22415.737288135595
1045,BEDFORD AV,2,23632.57627118644
1046,BEDFORD AV,3,23828.186440677968
1047,BEDFORD AV,4,23477.262711864405
1048,BEDFORD AV,5,16110.033898305084
1049,BEDFORD AV,6,12009.677966101695
1050,BEDFORD PK BLVD,0,10258.898305084746
1051,BEDFORD PK BLVD,1,10991.593220338984
1052,BEDFORD PK BLVD,2,11470.07627118644
1053,BEDFORD PK BLVD,3,11389.127118644068
1054,BEDFORD PK BLVD,4,10849.677966101695
1055,BEDFORD PK BLVD,5,5965.889830508475
1056,BEDFORD PK BLVD,6,4604.0847457627115
1057,BEDFORD-NOSTRAN,0,7837.949152542373
1058,BEDFORD-NOSTRAN,1,8450.49152542373
1059,BEDFORD-NOSTRAN,2,8628.254237288136
1060,BEDFORD-NOSTRAN,3,8656.457627118643
1061,BEDFORD-NOSTRAN,4,8504.237288135593
1062,BEDFORD-NOSTRAN,5,4877.1016949152545
1063,BEDFORD-NOSTRAN,6,3931.5593220338983
1064,BERGEN ST,0,12788.379310344828
1065,BERGEN ST,1,16771.655172413793
1066,BERGEN ST,2,14089.025862068966
1067,BERGEN ST,3,14217.98275862069
1068,BERGEN ST,4,13695.48275862069
1069,BERGEN ST,5,7716.206896551724
1070,BERGEN ST,6,6405.689655172414
1071,BEVERLEY ROAD,0,3021.593220338983
1072,BEVERLEY ROAD,1,3209.64406779661
1073,BEVERLEY ROAD,2,3314.3389830508477
1074,BEVERLEY ROAD,3,3286.7586206896553
1075,BEVERLEY ROAD,4,3199.5862068965516
1076,BEVERLEY ROAD,5,1720.6610169491526
1077,BEVERLEY ROAD,6,1388.915254237288
1078,BEVERLY RD,0,3893.896551724138
1079,BEVERLY RD,1,4144.241379310345
1080,BEVERLY RD,2,4264.1551724137935
1081,BEVERLY RD,3,4195.224137931034
1082,BEVERLY RD,4,4150.103448275862
1083,BEVERLY RD,5,2105.103448275862
1084,BEVERLY RD,6,1611.7931034482758
1085,BLEECKER ST,0,11852.094827586207
1086,BLEECKER ST,1,13037.51724137931
1087,BLEECKER ST,2,13434.913793103447
1088,BLEECKER ST,3,13523.405172413793
1089,BLEECKER ST,4,13646.758620689656
1090,BLEECKER ST,5,9118.862068965518
1091,BLEECKER ST,6,7215.517241379311
1092,BOROUGH HALL,0,30439.20338983051
1093,BOROUGH HALL,1,33815.220338983054
1094,BOROUGH HALL,2,34691.372881355936
1095,BOROUGH HALL,3,33878.34745762712
1096,BOROUGH HALL,4,30906.398305084746
1097,BOROUGH HALL,5,11542.966101694916
1098,BOROUGH HALL,6,8593.237288135593
1099,BOTANIC GARDEN,0,1195.4406779661017
1100,BOTANIC GARDEN,1,1277.7118644067796
1101,BOTANIC GARDEN,2,1331.8474576271187
1102,BOTANIC GARDEN,3,1322.2542372881355
1103,BOTANIC GARDEN,4,1273.9661016949153
1104,BOTANIC GARDEN,5,758.8644067796611
1105,BOTANIC GARDEN,6,550.542372881356
1106,BOWERY,0,2893.6101694915255
1107,BOWERY,1,2975.9322033898306
1108,BOWERY,2,3113.7586206896553
1109,BOWERY,3,3145.8275862068967
1110,BOWERY,4,3200.310344827586
1111,BOWERY,5,2565.491525423729
1112,BOWERY,6,2269.3728813559323
1113,BOWLING GREEN,0,26772.120689655174
1114,BOWLING GREEN,1,29294.775862068964
1115,BOWLING GREEN,2,29708.51724137931
1116,BOWLING GREEN,3,29652.724137931036
1117,BOWLING GREEN,4,27164.155172413793
1118,BOWLING GREEN,5,9118.103448275862
1119,BOWLING GREEN,6,6728.017241379311
1120,BRIARWOOD,0,4504.0
1121,BRIARWOOD,1,4897.0847457627115
1122,BRIARWOOD,2,4976.067796610169
1123,BRIARWOOD,3,4919.932203389831
1124,BRIARWOOD,4,4752.71186440678
1125,BRIARWOOD,5,2236.4406779661017
1126,BRIARWOOD,6,1729.5084745762713
1127,BRIGHTON BEACH,0,11089.440677966102
1128,BRIGHTON BEACH,1,11562.050847457627
1129,BRIGHTON BEACH,2,11849.525423728814
1130,BRIGHTON BEACH,3,11675.915254237289
1131,BRIGHTON BEACH,4,10530.152542372882
1132,BRIGHTON BEACH,5,6462.440677966101
1133,BRIGHTON BEACH,6,5568.322033898305
1134,BROAD CHANNEL,0,282.47457627118644
1135,BROAD CHANNEL,1,306.864406779661
1136,BROAD CHANNEL,2,312.7457627118644
1137,BROAD CHANNEL,3,307.06779661016947
1138,BROAD CHANNEL,4,293.0
1139,BROAD CHANNEL,5,97.57627118644068
1140,BROAD CHANNEL,6,75.72881355932203
1141,BROAD ST,0,6507.686440677966
1142,BROAD ST,1,7083.949152542373
1143,BROAD ST,2,7183.720338983051
1144,BROAD ST,3,7132.864406779661
1145,BROAD ST,4,6640.4915254237285
1146,BROAD ST,5,1731.0593220338983
1147,BROAD ST,6,1250.5593220338983
1148,BROADWAY,0,8702.406779661016
1149,BROADWAY,1,9479.949152542373
1150,BROADWAY,2,9791.940677966102
1151,BROADWAY,3,9743.813559322034
1152,BROADWAY,4,9219.661016949152
1153,BROADWAY,5,3994.2542372881358
1154,BROADWAY,6,3195.2881355932204
1155,BROADWAY JCT,0,7517.559322033899
1156,BROADWAY JCT,1,7811.542372881356
1157,BROADWAY JCT,2,8029.203389830508
1158,BROADWAY JCT,3,8019.457627118644
1159,BROADWAY JCT,4,8118.576271186441
1160,BROADWAY JCT,5,7025.559322033899
1161,BROADWAY JCT,6,5463.661016949152
1162,BRONX PARK EAST,0,2224.9310344827586
1163,BRONX PARK EAST,1,2528.0172413793102
1164,BRONX PARK EAST,2,2487.8275862068967
1165,BRONX PARK EAST,3,2466.551724137931
1166,BRONX PARK EAST,4,2400.2241379310344
1167,BRONX PARK EAST,5,1179.051724137931
1168,BRONX PARK EAST,6,973.1120689655172
1169,BROOK AV,0,5405.206896551724
1170,BROOK AV,1,5643.439655172414
1171,BROOK AV,2,5834.810344827586
1172,BROOK AV,3,5825.620689655172
1173,BROOK AV,4,5829.4655172413795
1174,BROOK AV,5,3365.5344827586205
1175,BROOK AV,6,2689.0172413793102
1176,BROOKLYN BRIDGE,0,16682.491379310344
1177,BROOKLYN BRIDGE,1,18570.146551724138
1178,BROOKLYN BRIDGE,2,20123.672413793105
1179,BROOKLYN BRIDGE,3,18639.689655172413
1180,BROOKLYN BRIDGE,4,17560.327586206895
1181,BROOKLYN BRIDGE,5,7863.189655172414
1182,BROOKLYN BRIDGE,6,5957.336206896552
1183,BUHRE AV,0,3433.0
1184,BUHRE AV,1,3712.4655172413795
1185,BUHRE AV,2,3797.810344827586
1186,BUHRE AV,3,3776.1724137931033
1187,BUHRE AV,4,3794.6724137931033
1188,BUHRE AV,5,1610.4827586206898
1189,BUHRE AV,6,1150.1379310344828
1190,BURKE AV,0,2905.2241379310344
1191,BURKE AV,1,3061.2241379310344
1192,BURKE AV,2,3152.155172413793
1193,BURKE AV,3,3147.689655172414
1194,BURKE AV,4,3132.5
1195,BURKE AV,5,1680.896551724138
1196,BURKE AV,6,1253.9137931034484
1197,BURNSIDE AV,0,8948.775862068966
1198,BURNSIDE AV,1,9428.310344827587
1199,BURNSIDE AV,2,9763.974137931034
1200,BURNSIDE AV,3,9672.344827586207
1201,BURNSIDE AV,4,9081.23275862069
1202,BURNSIDE AV,5,5785.603448275862
1203,BURNSIDE AV,6,4300.9051724137935
1204,BUSHWICK AV,0,1802.6101694915253
1205,BUSHWICK AV,1,1972.5593220338983
1206,BUSHWICK AV,2,2024.4406779661017
1207,BUSHWICK AV,3,2020.1525423728813
1208,BUSHWICK AV,4,2005.593220338983
1209,BUSHWICK AV,5,1069.6949152542372
1210,BUSHWICK AV,6,868.6440677966102
1211,CANAL ST,0,61248.66949152543
1212,CANAL ST,1,63502.398305084746
1213,CANAL ST,2,67363.46610169491
1214,CANAL ST,3,67189.21186440678
1215,CANAL ST,4,67418.40677966102
1216,CANAL ST,5,45306.661016949154
1217,CANAL ST,6,37269.66949152543
1218,CANARSIE-ROCKAW,0,10430.406779661016
1219,CANARSIE-ROCKAW,1,11191.050847457627
1220,CANARSIE-ROCKAW,2,11451.983050847457
1221,CANARSIE-ROCKAW,3,11304.601694915254
1222,CANARSIE-ROCKAW,4,11038.0
1223,CANARSIE-ROCKAW,5,4940.4152542372885
1224,CANARSIE-ROCKAW,6,3669.5593220338983
1225,CARROLL ST,0,9980.706896551725
1226,CARROLL ST,1,10854.594827586207
1227,CARROLL ST,2,11324.137931034482
1228,CARROLL ST,3,11337.51724137931
1229,CARROLL ST,4,10585.344827586207
1230,CARROLL ST,5,5334.318965517241
1231,CARROLL ST,6,4054.7241379310344
1232,CASTLE HILL AV,0,5826.5
1233,CASTLE HILL AV,1,6144.758620689655
1234,CASTLE HILL AV,2,6304.206896551724
1235,CASTLE HILL AV,3,6296.948275862069
1236,CASTLE HILL AV,4,6213.810344827586
1237,CASTLE HILL AV,5,3348.7241379310344
1238,CASTLE HILL AV,6,2487.948275862069
1239,CATHEDRAL PKWY,0,14560.103448275862
1240,CATHEDRAL PKWY,1,15513.318965517241
1241,CATHEDRAL PKWY,2,16167.155172413793
1242,CATHEDRAL PKWY,3,16166.086206896553
1243,CATHEDRAL PKWY,4,16340.396551724138
1244,CATHEDRAL PKWY,5,9740.801724137931
1245,CATHEDRAL PKWY,6,8112.586206896552
1246,CENTRAL AV,0,3433.423728813559
1247,CENTRAL AV,1,3623.830508474576
1248,CENTRAL AV,2,3767.2413793103447
1249,CENTRAL AV,3,3759.9137931034484
1250,CENTRAL AV,4,3742.7368421052633
1251,CENTRAL AV,5,1969.4745762711864
1252,CENTRAL AV,6,1566.2033898305085
1253,CENTRAL PK N110,0,8160.982758620689
1254,CENTRAL PK N110,1,9265.26724137931
1255,CENTRAL PK N110,2,8511.413793103447
1256,CENTRAL PK N110,3,8390.620689655172
1257,CENTRAL PK N110,4,8136.6551724137935
1258,CENTRAL PK N110,5,6136.1551724137935
1259,CENTRAL PK N110,6,4628.198275862069
1260,CHAMBERS ST,0,51436.71186440678
1261,CHAMBERS ST,1,57691.79661016949
1262,CHAMBERS ST,2,57252.9406779661
1263,CHAMBERS ST,3,58545.1186440678
1264,CHAMBERS ST,4,51863.59322033898
1265,CHAMBERS ST,5,18197.186440677968
1266,CHAMBERS ST,6,13388.22033898305
1267,CHAUNCEY ST,0,2902.9830508474574
1268,CHAUNCEY ST,1,3064.2203389830506
1269,CHAUNCEY ST,2,3210.991525423729
1270,CHAUNCEY ST,3,3150.6101694915255
1271,CHAUNCEY ST,4,3166.4576271186443
1272,CHAUNCEY ST,5,2076.4745762711864
1273,CHAUNCEY ST,6,1636.677966101695
1274,CHRISTOPHER ST,0,11589.163793103447
1275,CHRISTOPHER ST,1,12310.094827586207
1276,CHRISTOPHER ST,2,12813.241379310344
1277,CHRISTOPHER ST,3,13110.206896551725
1278,CHRISTOPHER ST,4,12954.422413793103
1279,CHRISTOPHER ST,5,8763.448275862069
1280,CHRISTOPHER ST,6,7360.939655172414
1281,CHURCH AV,0,31879.898305084746
1282,CHURCH AV,1,33585.186440677964
1283,CHURCH AV,2,33834.65254237288
1284,CHURCH AV,3,34156.47457627119
1285,CHURCH AV,4,33820.898305084746
1286,CHURCH AV,5,20164.186440677968
1287,CHURCH AV,6,15680.5
1288,CITY / BUS,0,20106.33620689655
1289,CITY / BUS,1,19870.094827586207
1290,CITY / BUS,2,21811.431034482757
1291,CITY / BUS,3,19030.758620689656
1292,CITY / BUS,4,18358.008620689656
1293,CITY / BUS,5,7243.327586206897
1294,CITY / BUS,6,6928.853448275862
1295,CITY HALL,0,5321.389830508475
1296,CITY HALL,1,5981.059322033899
1297,CITY HALL,2,6099.71186440678
1298,CITY HALL,3,6079.542372881356
1299,CITY HALL,4,5607.35593220339
1300,CITY HALL,5,1838.050847457627
1301,CITY HALL,6,1333.6271186440679
1302,CLARK ST,0,4647.189655172414
1303,CLARK ST,1,5109.431034482759
1304,CLARK ST,2,5249.879310344828
1305,CLARK ST,3,5149.275862068966
1306,CLARK ST,4,5008.0344827586205
1307,CLARK ST,5,3099.4655172413795
1308,CLARK ST,6,2581.1724137931033
1309,CLASSON AV,0,4665.0
1310,CLASSON AV,1,5053.050847457627
1311,CLASSON AV,2,5200.330508474576
1312,CLASSON AV,3,5247.525423728814
1313,CLASSON AV,4,5210.525423728814
1314,CLASSON AV,5,2807.2542372881358
1315,CLASSON AV,6,2234.9830508474574
1316,CLEVELAND ST,0,2644.677966101695
1317,CLEVELAND ST,1,2811.9491525423728
1318,CLEVELAND ST,2,2908.0169491525426
1319,CLEVELAND ST,3,2861.6101694915255
1320,CLEVELAND ST,4,2872.362068965517
1321,CLEVELAND ST,5,1436.3728813559321
1322,CLEVELAND ST,6,1077.0677966101696
1323,CLINTON-WASH AV,0,10458.389830508475
1324,CLINTON-WASH AV,1,11341.161016949152
1325,CLINTON-WASH AV,2,11663.330508474577
1326,CLINTON-WASH AV,3,11621.822033898305
1327,CLINTON-WASH AV,4,11317.135593220339
1328,CLINTON-WASH AV,5,5984.983050847458
1329,CLINTON-WASH AV,6,4487.872881355932
1330,CONEY IS-STILLW,0,12439.847457627118
1331,CONEY IS-STILLW,1,12436.050847457627
1332,CONEY IS-STILLW,2,12907.796610169491
1333,CONEY IS-STILLW,3,12454.449152542373
1334,CONEY IS-STILLW,4,12708.296610169491
1335,CONEY IS-STILLW,5,12000.186440677966
1336,CONEY IS-STILLW,6,9635.728813559323
1337,CORTELYOU RD,0,5679.203389830508
1338,CORTELYOU RD,1,6035.677966101695
1339,CORTELYOU RD,2,6248.28813559322
1340,CORTELYOU RD,3,6174.203389830508
1341,CORTELYOU RD,4,6065.313559322034
1342,CORTELYOU RD,5,3476.228813559322
1343,CORTELYOU RD,6,2832.864406779661
1344,CORTLANDT ST,0,19281.813559322032
1345,CORTLANDT ST,1,20746.79661016949
1346,CORTLANDT ST,2,20764.57627118644
1347,CORTLANDT ST,3,20921.415254237287
1348,CORTLANDT ST,4,20439.9406779661
1349,CORTLANDT ST,5,14433.050847457627
1350,CORTLANDT ST,6,9119.601694915254
1351,COURT SQ,0,15455.50847457627
1352,COURT SQ,1,16702.51694915254
1353,COURT SQ,2,17211.372881355932
1354,COURT SQ,3,17450.64406779661
1355,COURT SQ,4,15089.398305084746
1356,COURT SQ,5,7878.593220338983
1357,COURT SQ,6,5618.576271186441
1358,COURT SQ-23 ST,0,5160.610169491525
1359,COURT SQ-23 ST,1,5707.661016949152
1360,COURT SQ-23 ST,2,5757.322033898305
1361,COURT SQ-23 ST,3,5788.033898305085
1362,COURT SQ-23 ST,4,5615.254237288135
1363,COURT SQ-23 ST,5,2818.508474576271
1364,COURT SQ-23 ST,6,2214.3898305084745
1365,CRESCENT ST,0,4084.3898305084745
1366,CRESCENT ST,1,4283.372881355932
1367,CRESCENT ST,2,4383.559322033899
1368,CRESCENT ST,3,4386.661016949152
1369,CRESCENT ST,4,4426.35593220339
1370,CRESCENT ST,5,3307.6949152542375
1371,CRESCENT ST,6,2445.5593220338983
1372,CROWN HTS-UTICA,0,23040.103448275862
1373,CROWN HTS-UTICA,1,24246.120689655174
1374,CROWN HTS-UTICA,2,24899.741379310344
1375,CROWN HTS-UTICA,3,24796.275862068964
1376,CROWN HTS-UTICA,4,24370.224137931036
1377,CROWN HTS-UTICA,5,14250.706896551725
1378,CROWN HTS-UTICA,6,10703.293103448275
1379,CYPRESS AV,0,3183.9655172413795
1380,CYPRESS AV,1,3378.310344827586
1381,CYPRESS AV,2,3455.5
1382,CYPRESS AV,3,3534.4473684210525
1383,CYPRESS AV,4,3498.0877192982457
1384,CYPRESS AV,5,1819.8362068965516
1385,CYPRESS AV,6,1282.4655172413793
1386,CYPRESS HILLS,0,1278.0338983050847
1387,CYPRESS HILLS,1,1408.949152542373
1388,CYPRESS HILLS,2,1448.2881355932204
1389,CYPRESS HILLS,3,1446.7288135593221
1390,CYPRESS HILLS,4,1394.1186440677966
1391,CYPRESS HILLS,5,338.1525423728813
1392,CYPRESS HILLS,6,266.728813559322
1393,DEKALB AV,0,30222.584745762713
1394,DEKALB AV,1,31624.881355932204
1395,DEKALB AV,2,32731.271186440677
1396,DEKALB AV,3,32138.57627118644
1397,DEKALB AV,4,30837.9406779661
1398,DEKALB AV,5,16034.847457627118
1399,DEKALB AV,6,12906.35593220339
1400,DELANCEY/ESSEX,0,20213.677966101695
1401,DELANCEY/ESSEX,1,21609.237288135595
1402,DELANCEY/ESSEX,2,22049.9406779661
1403,DELANCEY/ESSEX,3,22495.84745762712
1404,DELANCEY/ESSEX,4,22862.627118644068
1405,DELANCEY/ESSEX,5,14956.949152542373
1406,DELANCEY/ESSEX,6,12214.533898305084
1407,DITMAS AV,0,3516.8793103448274
1408,DITMAS AV,1,3745.551724137931
1409,DITMAS AV,2,3819.7413793103447
1410,DITMAS AV,3,3853.9122807017543
1411,DITMAS AV,4,3607.7017543859647
1412,DITMAS AV,5,1375.6724137931035
1413,DITMAS AV,6,1386.0172413793102
1414,DYCKMAN ST,0,11879.57627118644
1415,DYCKMAN ST,1,12618.42372881356
1416,DYCKMAN ST,2,12917.35593220339
1417,DYCKMAN ST,3,12850.64406779661
1418,DYCKMAN ST,4,12813.542372881357
1419,DYCKMAN ST,5,8233.983050847457
1420,DYCKMAN ST,6,6644.059322033899
1421,E 143/ST MARY'S,0,928.2931034482758
1422,E 143/ST MARY'S,1,984.8448275862069
1423,E 143/ST MARY'S,2,1012.6724137931035
1424,E 143/ST MARY'S,3,1028.2241379310344
1425,E 143/ST MARY'S,4,967.6551724137931
1426,E 143/ST MARY'S,5,424.4310344827586
1427,E 143/ST MARY'S,6,295.2068965517241
1428,E 149 ST,0,4291.603448275862
1429,E 149 ST,1,4589.103448275862
1430,E 149 ST,2,4661.327586206897
1431,E 149 ST,3,4671.948275862069
1432,E 149 ST,4,4643.827586206897
1433,E 149 ST,5,2540.706896551724
1434,E 149 ST,6,1957.9137931034484
1435,E 180 ST,0,6402.724137931034
1436,E 180 ST,1,6797.396551724138
1437,E 180 ST,2,7255.896551724138
1438,E 180 ST,3,7009.689655172414
1439,E 180 ST,4,6929.120689655172
1440,E 180 ST,5,4021.5689655172414
1441,E 180 ST,6,2906.5172413793102
1442,EAST 105 ST,0,3233.3389830508477
1443,EAST 105 ST,1,3478.7118644067796
1444,EAST 105 ST,2,3496.9830508474574
1445,EAST 105 ST,3,3533.2586206896553
1446,EAST 105 ST,4,3466.2241379310344
1447,EAST 105 ST,5,1547.1186440677966
1448,EAST 105 ST,6,1103.7457627118645
1449,EAST BROADWAY,0,11993.344827586207
1450,EAST BROADWAY,1,12787.086206896553
1451,EAST BROADWAY,2,13050.155172413793
1452,EAST BROADWAY,3,13112.568965517241
1453,EAST BROADWAY,4,13024.879310344828
1454,EAST BROADWAY,5,6798.189655172414
1455,EAST BROADWAY,6,5723.379310344828
1456,EASTCHSTER/DYRE,0,4143.482758620689
1457,EASTCHSTER/DYRE,1,4523.140350877193
1458,EASTCHSTER/DYRE,2,4661.228070175439
1459,EASTCHSTER/DYRE,3,4642.929824561404
1460,EASTCHSTER/DYRE,4,4458.9473684210525
1461,EASTCHSTER/DYRE,5,1401.7931034482758
1462,EASTCHSTER/DYRE,6,919.0
1463,EASTN PKWY-MUSM,0,3633.137931034483
1464,EASTN PKWY-MUSM,1,4106.517241379311
1465,EASTN PKWY-MUSM,2,4461.172413793103
1466,EASTN PKWY-MUSM,3,4556.301724137931
1467,EASTN PKWY-MUSM,4,4484.224137931034
1468,EASTN PKWY-MUSM,5,3393.1637931034484
1469,EASTN PKWY-MUSM,6,2566.2586206896553
1470,ELDER AV,0,5692.068965517241
1471,ELDER AV,1,5973.948275862069
1472,ELDER AV,2,6146.0344827586205
1473,ELDER AV,3,6140.4655172413795
1474,ELDER AV,4,6109.637931034483
1475,ELDER AV,5,3758.2586206896553
1476,ELDER AV,6,2835.0689655172414
1477,ELMHURST AV,0,11368.237288135593
1478,ELMHURST AV,1,11863.35593220339
1479,ELMHURST AV,2,12260.101694915254
1480,ELMHURST AV,3,12053.99152542373
1481,ELMHURST AV,4,11934.398305084746
1482,ELMHURST AV,5,6742.703389830508
1483,ELMHURST AV,6,5591.406779661017
1484,EUCLID AV,0,9273.338983050848
1485,EUCLID AV,1,9847.50847457627
1486,EUCLID AV,2,10128.033898305084
1487,EUCLID AV,3,9855.533898305084
1488,EUCLID AV,4,9888.71186440678
1489,EUCLID AV,5,6067.076271186441
1490,EUCLID AV,6,4609.28813559322
1491,EXCHANGE PLACE,0,16177.008620689656
1492,EXCHANGE PLACE,1,18542.28448275862
1493,EXCHANGE PLACE,2,18651.98275862069
1494,EXCHANGE PLACE,3,18620.827586206895
1495,EXCHANGE PLACE,4,16114.474137931034
1496,EXCHANGE PLACE,5,5071.3448275862065
1497,EXCHANGE PLACE,6,4092.4827586206898
1498,FAR ROCKAWAY,0,3980.491525423729
1499,FAR ROCKAWAY,1,4151.271186440678
1500,FAR ROCKAWAY,2,4271.203389830508
1501,FAR ROCKAWAY,3,8949.118644067798
1502,FAR ROCKAWAY,4,4340.033898305085
1503,FAR ROCKAWAY,5,2341.8898305084745
1504,FAR ROCKAWAY,6,2258.0338983050847
1505,FLATBUSH AV-B.C,0,17894.905172413793
1506,FLATBUSH AV-B.C,1,19491.706896551725
1507,FLATBUSH AV-B.C,2,19979.344827586207
1508,FLATBUSH AV-B.C,3,19804.103448275862
1509,FLATBUSH AV-B.C,4,18188.758620689656
1510,FLATBUSH AV-B.C,5,7800.3448275862065
1511,FLATBUSH AV-B.C,6,5725.517241379311
1512,FLUSHING AV,0,9853.864406779661
1513,FLUSHING AV,1,10396.983050847457
1514,FLUSHING AV,2,10638.203389830509
1515,FLUSHING AV,3,10633.71186440678
1516,FLUSHING AV,4,10513.22033898305
1517,FLUSHING AV,5,5396.35593220339
1518,FLUSHING AV,6,4344.983050847458
1519,FLUSHING-MAIN,0,50344.01724137931
1520,FLUSHING-MAIN,1,52362.293103448275
1521,FLUSHING-MAIN,2,53720.01724137931
1522,FLUSHING-MAIN,3,52307.06034482759
1523,FLUSHING-MAIN,4,51696.31896551724
1524,FLUSHING-MAIN,5,31312.793103448275
1525,FLUSHING-MAIN,6,24608.58620689655
1526,FORDHAM RD,0,18907.338983050846
1527,FORDHAM RD,1,19752.0
1528,FORDHAM RD,2,20471.084745762713
1529,FORDHAM RD,3,20165.77966101695
1530,FORDHAM RD,4,19560.186440677968
1531,FORDHAM RD,5,13020.338983050848
1532,FORDHAM RD,6,9662.627118644068
1533,FOREST AVE,0,3494.9661016949153
1534,FOREST AVE,1,3743.2203389830506
1535,FOREST AVE,2,3890.64406779661
1536,FOREST AVE,3,3907.0423728813557
1537,FOREST AVE,4,3751.169491525424
1538,FOREST AVE,5,1666.1186440677966
1539,FOREST AVE,6,1233.6101694915253
1540,FOREST HILLS 71,0,23969.01694915254
1541,FOREST HILLS 71,1,27702.677966101695
1542,FOREST HILLS 71,2,26283.406779661018
1543,FOREST HILLS 71,3,26267.966101694914
1544,FOREST HILLS 71,4,25015.35593220339
1545,FOREST HILLS 71,5,12602.542372881357
1546,FOREST HILLS 71,6,9685.627118644068
1547,FRANKLIN AV,0,17262.35593220339
1548,FRANKLIN AV,1,18420.101694915254
1549,FRANKLIN AV,2,18927.64406779661
1550,FRANKLIN AV,3,18814.881355932204
1551,FRANKLIN AV,4,19767.898305084746
1552,FRANKLIN AV,5,12182.593220338984
1553,FRANKLIN AV,6,9568.042372881357
1554,FRANKLIN ST,0,4747.551724137931
1555,FRANKLIN ST,1,5416.068965517241
1556,FRANKLIN ST,2,5425.086206896552
1557,FRANKLIN ST,3,5557.318965517241
1558,FRANKLIN ST,4,4983.560344827586
1559,FRANKLIN ST,5,2010.6724137931035
1560,FRANKLIN ST,6,1604.4827586206898
1561,FREEMAN ST,0,3913.0344827586205
1562,FREEMAN ST,1,4177.758620689655
1563,FREEMAN ST,2,4337.068965517241
1564,FREEMAN ST,3,4261.672413793103
1565,FREEMAN ST,4,4254.017241379311
1566,FREEMAN ST,5,2181.344827586207
1567,FREEMAN ST,6,1660.7413793103449
1568,FRESH POND RD,0,5005.3050847457625
1569,FRESH POND RD,1,5338.220338983051
1570,FRESH POND RD,2,5511.3050847457625
1571,FRESH POND RD,3,5505.271186440678
1572,FRESH POND RD,4,5381.576271186441
1573,FRESH POND RD,5,2161.9830508474574
1574,FRESH POND RD,6,1617.1694915254238
1575,FT HAMILTON PKY,0,11586.677966101695
1576,FT HAMILTON PKY,1,12504.745762711864
1577,FT HAMILTON PKY,2,12698.940677966102
1578,FT HAMILTON PKY,3,12506.00847457627
1579,FT HAMILTON PKY,4,12063.22033898305
1580,FT HAMILTON PKY,5,5683.118644067797
1581,FT HAMILTON PKY,6,7263.796610169492
1582,FULTON ST,0,85343.94915254238
1583,FULTON ST,1,89714.1186440678
1584,FULTON ST,2,92684.99152542373
1585,FULTON ST,3,91298.35593220338
1586,FULTON ST,4,86932.45762711864
1587,FULTON ST,5,38481.35593220339
1588,FULTON ST,6,29506.084745762713
1589,GATES AV,0,6282.559322033899
1590,GATES AV,1,6704.3050847457625
1591,GATES AV,2,6876.186440677966
1592,GATES AV,3,6851.830508474576
1593,GATES AV,4,6876.949152542373
1594,GATES AV,5,3823.64406779661
1595,GATES AV,6,2984.9491525423728
1596,GRAHAM AV,0,8185.8983050847455
1597,GRAHAM AV,1,8894.847457627118
1598,GRAHAM AV,2,9104.186440677966
1599,GRAHAM AV,3,9135.661016949152
1600,GRAHAM AV,4,8979.542372881357
1601,GRAHAM AV,5,3885.5423728813557
1602,GRAHAM AV,6,3094.2203389830506
1603,GRAND ARMY PLAZ,0,6463.706896551724
1604,GRAND ARMY PLAZ,1,6944.103448275862
1605,GRAND ARMY PLAZ,2,7045.051724137931
1606,GRAND ARMY PLAZ,3,7030.758620689655
1607,GRAND ARMY PLAZ,4,6502.103448275862
1608,GRAND ARMY PLAZ,5,3936.2413793103447
1609,GRAND ARMY PLAZ,6,2976.2586206896553
1610,GRAND ST,0,25457.677966101695
1611,GRAND ST,1,28364.338983050846
1612,GRAND ST,2,29175.728813559323
1613,GRAND ST,3,26975.991525423728
1614,GRAND ST,4,28310.84745762712
1615,GRAND ST,5,14425.135593220339
1616,GRAND ST,6,12139.71186440678
1617,GRAND-NEWTOWN,0,16833.525423728814
1618,GRAND-NEWTOWN,1,17686.57627118644
1619,GRAND-NEWTOWN,2,18067.050847457627
1620,GRAND-NEWTOWN,3,18038.84745762712
1621,GRAND-NEWTOWN,4,17926.338983050846
1622,GRAND-NEWTOWN,5,9837.813559322034
1623,GRAND-NEWTOWN,6,7477.949152542373
1624,GRANT AV,0,5373.847457627118
1625,GRANT AV,1,5637.737288135593
1626,GRANT AV,2,5871.135593220339
1627,GRANT AV,3,5779.864406779661
1628,GRANT AV,4,5641.983050847458
1629,GRANT AV,5,3210.9322033898306
1630,GRANT AV,6,2426.3898305084745
1631,GRD CNTRL-42 ST,0,132440.6120689655
1632,GRD CNTRL-42 ST,1,140381.4051724138
1633,GRD CNTRL-42 ST,2,144147.9827586207
1634,GRD CNTRL-42 ST,3,148095.1120689655
1635,GRD CNTRL-42 ST,4,134815.4396551724
1636,GRD CNTRL-42 ST,5,50894.01724137931
1637,GRD CNTRL-42 ST,6,39491.474137931036
1638,GREENPOINT AV,0,8086.8983050847455
1639,GREENPOINT AV,1,8856.57627118644
1640,GREENPOINT AV,2,9047.77966101695
1641,GREENPOINT AV,3,9092.42372881356
1642,GREENPOINT AV,4,8937.983050847457
1643,GREENPOINT AV,5,3625.169491525424
1644,GREENPOINT AV,6,2846.813559322034
1645,GROVE STREET,0,19401.827586206895
1646,GROVE STREET,1,20580.03448275862
1647,GROVE STREET,2,23671.741379310344
1648,GROVE STREET,3,25538.094827586207
1649,GROVE STREET,4,22749.206896551725
1650,GROVE STREET,5,12739.043103448275
1651,GROVE STREET,6,8965.706896551725
1652,GUN HILL RD,0,10751.362068965518
1653,GUN HILL RD,1,11477.913793103447
1654,GUN HILL RD,2,11877.810344827587
1655,GUN HILL RD,3,11682.560344827587
1656,GUN HILL RD,4,11538.008620689656
1657,GUN HILL RD,5,6062.0
1658,GUN HILL RD,6,4431.586206896552
1659,HALSEY ST,0,12611.898305084746
1660,HALSEY ST,1,13552.118644067798
1661,HALSEY ST,2,13901.542372881357
1662,HALSEY ST,3,13773.440677966102
1663,HALSEY ST,4,13599.35593220339
1664,HALSEY ST,5,7319.406779661017
1665,HALSEY ST,6,5955.0847457627115
1666,HARLEM 148 ST,0,3694.051724137931
1667,HARLEM 148 ST,1,4024.4827586206898
1668,HARLEM 148 ST,2,4127.396551724138
1669,HARLEM 148 ST,3,4070.793103448276
1670,HARLEM 148 ST,4,3994.448275862069
1671,HARLEM 148 ST,5,1993.8793103448277
1672,HARLEM 148 ST,6,1562.5
1673,HARRISON,0,8173.818965517241
1674,HARRISON,1,8734.353448275862
1675,HARRISON,2,13656.301724137931
1676,HARRISON,3,11939.689655172413
1677,HARRISON,4,11673.068965517241
1678,HARRISON,5,3331.948275862069
1679,HARRISON,6,2306.0862068965516
1680,HEWES ST,0,2568.593220338983
1681,HEWES ST,1,2714.3728813559323
1682,HEWES ST,2,2784.830508474576
1683,HEWES ST,3,2787.135593220339
1684,HEWES ST,4,2739.8813559322034
1685,HEWES ST,5,2072.762711864407
1686,HEWES ST,6,1719.3389830508474
1687,HIGH ST,0,8914.22033898305
1688,HIGH ST,1,9512.864406779661
1689,HIGH ST,2,9675.728813559323
1690,HIGH ST,3,9737.898305084746
1691,HIGH ST,4,9240.601694915254
1692,HIGH ST,5,7149.220338983051
1693,HIGH ST,6,5534.1016949152545
1694,HOUSTON ST,0,12804.913793103447
1695,HOUSTON ST,1,14728.793103448275
1696,HOUSTON ST,2,14972.568965517241
1697,HOUSTON ST,3,14618.862068965518
1698,HOUSTON ST,4,13448.431034482759
1699,HOUSTON ST,5,4381.146551724138
1700,HOUSTON ST,6,3417.4137931034484
1701,HOWARD BCH JFK,0,3526.406779661017
1702,HOWARD BCH JFK,1,3973.677966101695
1703,HOWARD BCH JFK,2,3358.135593220339
1704,HOWARD BCH JFK,3,3773.508474576271
1705,HOWARD BCH JFK,4,3517.830508474576
1706,HOWARD BCH JFK,5,6566.949152542373
1707,HOWARD BCH JFK,6,4592.64406779661
1708,HOYT ST,0,6427.258620689655
1709,HOYT ST,1,6776.086206896552
1710,HOYT ST,2,6974.017241379311
1711,HOYT ST,3,6972.206896551724
1712,HOYT ST,4,6907.017241379311
1713,HOYT ST,5,3422.1724137931033
1714,HOYT ST,6,2904.5172413793102
1715,HOYT-SCHER,0,9467.898305084746
1716,HOYT-SCHER,1,9899.06779661017
1717,HOYT-SCHER,2,10166.77966101695
1718,HOYT-SCHER,3,10081.338983050848
1719,HOYT-SCHER,4,10140.559322033898
1720,HOYT-SCHER,5,6253.169491525424
1721,HOYT-SCHER,6,5108.610169491525
1722,HUNTERS PT AV,0,6303.879310344828
1723,HUNTERS PT AV,1,6926.241379310345
1724,HUNTERS PT AV,2,6959.120689655172
1725,HUNTERS PT AV,3,7013.051724137931
1726,HUNTERS PT AV,4,6108.413793103448
1727,HUNTERS PT AV,5,967.0172413793103
1728,HUNTERS PT AV,6,610.3620689655172
1729,HUNTS POINT AV,0,9229.051724137931
1730,HUNTS POINT AV,1,9749.663793103447
1731,HUNTS POINT AV,2,10102.155172413793
1732,HUNTS POINT AV,3,10080.344827586207
1733,HUNTS POINT AV,4,9928.241379310344
1734,HUNTS POINT AV,5,5181.948275862069
1735,HUNTS POINT AV,6,3815.5
1736,INTERVALE AV,0,2783.948275862069
1737,INTERVALE AV,1,2955.9310344827586
1738,INTERVALE AV,2,3050.293103448276
1739,INTERVALE AV,3,3073.353448275862
1740,INTERVALE AV,4,2984.189655172414
1741,INTERVALE AV,5,1480.7931034482758
1742,INTERVALE AV,6,1112.6896551724137
1743,INWOOD-207 ST,0,8297.796610169491
1744,INWOOD-207 ST,1,8996.22033898305
1745,INWOOD-207 ST,2,9112.745762711864
1746,INWOOD-207 ST,3,9154.271186440677
1747,INWOOD-207 ST,4,8974.966101694916
1748,INWOOD-207 ST,5,6358.152542372882
1749,INWOOD-207 ST,6,4579.3050847457625
1750,JACKSON AV,0,4657.706896551724
1751,JACKSON AV,1,4986.413793103448
1752,JACKSON AV,2,5192.724137931034
1753,JACKSON AV,3,5008.896551724138
1754,JACKSON AV,4,5033.4655172413795
1755,JACKSON AV,5,2502.5689655172414
1756,JACKSON AV,6,1841.7931034482758
1757,JAMAICA 179 ST,0,19627.35593220339
1758,JAMAICA 179 ST,1,21169.898305084746
1759,JAMAICA 179 ST,2,21801.4406779661
1760,JAMAICA 179 ST,3,21569.22033898305
1761,JAMAICA 179 ST,4,20381.050847457627
1762,JAMAICA 179 ST,5,8433.118644067798
1763,JAMAICA 179 ST,6,5920.3050847457625
1764,JAMAICA CENTER,0,32080.844827586207
1765,JAMAICA CENTER,1,34332.55172413793
1766,JAMAICA CENTER,2,35127.01724137931
1767,JAMAICA CENTER,3,34796.53448275862
1768,JAMAICA CENTER,4,33042.53448275862
1769,JAMAICA CENTER,5,12682.318965517241
1770,JAMAICA CENTER,6,9109.896551724138
1771,JAMAICA VAN WK,0,4341.137931034483
1772,JAMAICA VAN WK,1,4473.189655172414
1773,JAMAICA VAN WK,2,4582.448275862069
1774,JAMAICA VAN WK,3,4561.189655172414
1775,JAMAICA VAN WK,4,4394.8448275862065
1776,JAMAICA VAN WK,5,2850.6206896551726
1777,JAMAICA VAN WK,6,2062.689655172414
1778,JAY ST-METROTEC,0,36005.70338983051
1779,JAY ST-METROTEC,1,40039.627118644064
1780,JAY ST-METROTEC,2,40542.754237288136
1781,JAY ST-METROTEC,3,40247.36440677966
1782,JAY ST-METROTEC,4,37466.186440677964
1783,JAY ST-METROTEC,5,15862.35593220339
1784,JAY ST-METROTEC,6,12421.118644067798
1785,JEFFERSON ST,0,6246.016949152542
1786,JEFFERSON ST,1,6604.322033898305
1787,JEFFERSON ST,2,6870.423728813559
1788,JEFFERSON ST,3,6843.635593220339
1789,JEFFERSON ST,4,6960.932203389831
1790,JEFFERSON ST,5,4014.9830508474574
1791,JEFFERSON ST,6,3290.322033898305
1792,JFK JAMAICA CT1,0,14199.093220338984
1793,JFK JAMAICA CT1,1,10458.525423728814
1794,JFK JAMAICA CT1,2,13735.228813559323
1795,JFK JAMAICA CT1,3,16356.796610169491
1796,JFK JAMAICA CT1,4,16445.974576271186
1797,JFK JAMAICA CT1,5,14392.449152542373
1798,JFK JAMAICA CT1,6,10133.627118644068
1799,JKSN HT-ROOSVLT,0,43899.71186440678
1800,JKSN HT-ROOSVLT,1,45728.983050847455
1801,JKSN HT-ROOSVLT,2,46267.16949152543
1802,JKSN HT-ROOSVLT,3,46364.661016949154
1803,JKSN HT-ROOSVLT,4,46465.61016949153
1804,JKSN HT-ROOSVLT,5,33363.23728813559
1805,JKSN HT-ROOSVLT,6,26214.06779661017
1806,JOURNAL SQUARE,0,25853.112068965518
1807,JOURNAL SQUARE,1,26705.379310344826
1808,JOURNAL SQUARE,2,28632.887931034482
1809,JOURNAL SQUARE,3,30545.844827586207
1810,JOURNAL SQUARE,4,24469.08620689655
1811,JOURNAL SQUARE,5,14871.25
1812,JOURNAL SQUARE,6,11253.370689655172
1813,JUNCTION BLVD,0,18807.28448275862
1814,JUNCTION BLVD,1,19709.03448275862
1815,JUNCTION BLVD,2,20302.862068965518
1816,JUNCTION BLVD,3,20227.137931034482
1817,JUNCTION BLVD,4,20499.991379310344
1818,JUNCTION BLVD,5,14941.362068965518
1819,JUNCTION BLVD,6,11304.741379310344
1820,JUNIUS ST,0,1924.948275862069
1821,JUNIUS ST,1,2035.051724137931
1822,JUNIUS ST,2,2121.5
1823,JUNIUS ST,3,2098.2586206896553
1824,JUNIUS ST,4,2074.206896551724
1825,JUNIUS ST,5,965.3275862068965
1826,JUNIUS ST,6,768.9310344827586
1827,KEW GARDENS,0,23585.338983050846
1828,KEW GARDENS,1,25391.101694915254
1829,KEW GARDENS,2,25949.01694915254
1830,KEW GARDENS,3,27825.35593220339
1831,KEW GARDENS,4,24421.01694915254
1832,KEW GARDENS,5,12591.237288135593
1833,KEW GARDENS,6,9285.050847457627
1834,KINGS HWY,0,24662.14406779661
1835,KINGS HWY,1,26359.372881355932
1836,KINGS HWY,2,26704.177966101695
1837,KINGS HWY,3,26896.915254237287
1838,KINGS HWY,4,25097.771186440677
1839,KINGS HWY,5,12265.338983050848
1840,KINGS HWY,6,10515.542372881357
1841,KINGSBRIDGE RD,0,14594.110169491525
1842,KINGSBRIDGE RD,1,15576.093220338984
1843,KINGSBRIDGE RD,2,15881.28813559322
1844,KINGSBRIDGE RD,3,15909.440677966102
1845,KINGSBRIDGE RD,4,15245.118644067798
1846,KINGSBRIDGE RD,5,8941.152542372882
1847,KINGSBRIDGE RD,6,6871.271186440678
1848,KINGSTON AV,0,4085.206896551724
1849,KINGSTON AV,1,4290.827586206897
1850,KINGSTON AV,2,4472.620689655172
1851,KINGSTON AV,3,4537.258620689655
1852,KINGSTON AV,4,4721.293103448276
1853,KINGSTON AV,5,2135.6206896551726
1854,KINGSTON AV,6,2369.3275862068967
1855,KINGSTON-THROOP,0,5884.1016949152545
1856,KINGSTON-THROOP,1,6271.864406779661
1857,KINGSTON-THROOP,2,6452.135593220339
1858,KINGSTON-THROOP,3,7020.627118644068
1859,KINGSTON-THROOP,4,6343.483050847458
1860,KINGSTON-THROOP,5,3782.64406779661
1861,KINGSTON-THROOP,6,3120.5254237288136
1862,KNICKERBOCKER,0,3568.923728813559
1863,KNICKERBOCKER,1,3758.5508474576272
1864,KNICKERBOCKER,2,3815.762711864407
1865,KNICKERBOCKER,3,3803.9830508474574
1866,KNICKERBOCKER,4,3907.5344827586205
1867,KNICKERBOCKER,5,2533.4745762711864
1868,KNICKERBOCKER,6,1995.864406779661
1869,KOSCIUSZKO ST,0,4862.932203389831
1870,KOSCIUSZKO ST,1,5199.949152542373
1871,KOSCIUSZKO ST,2,5392.983050847458
1872,KOSCIUSZKO ST,3,5391.847457627118
1873,KOSCIUSZKO ST,4,5365.372881355932
1874,KOSCIUSZKO ST,5,3133.898305084746
1875,KOSCIUSZKO ST,6,2531.7118644067796
1876,LACKAWANNA,0,19188.33620689655
1877,LACKAWANNA,1,20992.120689655174
1878,LACKAWANNA,2,14679.810344827587
1879,LACKAWANNA,3,15343.146551724138
1880,LACKAWANNA,4,12540.948275862069
1881,LACKAWANNA,5,1602.8793103448277
1882,LACKAWANNA,6,984.9137931034483
1883,LAFAYETTE AV,0,4095.915254237288
1884,LAFAYETTE AV,1,4237.779661016949
1885,LAFAYETTE AV,2,4428.9655172413795
1886,LAFAYETTE AV,3,4433.810344827586
1887,LAFAYETTE AV,4,4457.275862068966
1888,LAFAYETTE AV,5,3172.3050847457625
1889,LAFAYETTE AV,6,2650.186440677966
1890,LEXINGTON AV/53,0,36276.457627118645
1891,LEXINGTON AV/53,1,40000.6186440678
1892,LEXINGTON AV/53,2,41059.23728813559
1893,LEXINGTON AV/53,3,41320.016949152545
1894,LEXINGTON AV/53,4,38478.9406779661
1895,LEXINGTON AV/53,5,11453.77966101695
1896,LEXINGTON AV/53,6,8590.118644067798
1897,LEXINGTON AV/63,0,17631.26724137931
1898,LEXINGTON AV/63,1,19786.5
1899,LEXINGTON AV/63,2,19455.612068965518
1900,LEXINGTON AV/63,3,20046.344827586207
1901,LEXINGTON AV/63,4,18544.706896551725
1902,LEXINGTON AV/63,5,9326.48275862069
1903,LEXINGTON AV/63,6,7075.982758620689
1904,LIBERTY AV,0,2464.491525423729
1905,LIBERTY AV,1,2643.9830508474574
1906,LIBERTY AV,2,2740.237288135593
1907,LIBERTY AV,3,2697.491525423729
1908,LIBERTY AV,4,2639.237288135593
1909,LIBERTY AV,5,1341.2542372881355
1910,LIBERTY AV,6,1046.2372881355932
1911,LIVONIA AV,0,2686.813559322034
1912,LIVONIA AV,1,2843.2203389830506
1913,LIVONIA AV,2,2928.762711864407
1914,LIVONIA AV,3,2855.3389830508477
1915,LIVONIA AV,4,2892.6724137931033
1916,LIVONIA AV,5,1474.593220338983
1917,LIVONIA AV,6,1081.7627118644068
1918,LONGWOOD AV,0,2978.5862068965516
1919,LONGWOOD AV,1,3163.5689655172414
1920,LONGWOOD AV,2,3265.0689655172414
1921,LONGWOOD AV,3,3257.706896551724
1922,LONGWOOD AV,4,3202.310344827586
1923,LONGWOOD AV,5,1636.3103448275863
1924,LONGWOOD AV,6,1200.2068965517242
1925,LORIMER ST,0,8962.35593220339
1926,LORIMER ST,1,9741.898305084746
1927,LORIMER ST,2,9879.06779661017
1928,LORIMER ST,3,10008.71186440678
1929,LORIMER ST,4,9788.49152542373
1930,LORIMER ST,5,5397.5084745762715
1931,LORIMER ST,6,4537.525423728814
1932,MARBLE HILL-225,0,4707.931034482759
1933,MARBLE HILL-225,1,5004.551724137931
1934,MARBLE HILL-225,2,5096.741379310345
1935,MARBLE HILL-225,3,5102.879310344828
1936,MARBLE HILL-225,4,5049.232758620689
1937,MARBLE HILL-225,5,2682.706896551724
1938,MARBLE HILL-225,6,2232.3793103448274
1939,MARCY AV,0,11835.101694915254
1940,MARCY AV,1,12601.016949152543
1941,MARCY AV,2,12916.542372881357
1942,MARCY AV,3,12964.406779661016
1943,MARCY AV,4,12706.745762711864
1944,MARCY AV,5,7806.813559322034
1945,MARCY AV,6,6641.813559322034
1946,METROPOLITAN AV,0,10173.22033898305
1947,METROPOLITAN AV,1,10760.610169491525
1948,METROPOLITAN AV,2,11065.525423728814
1949,METROPOLITAN AV,3,10964.57627118644
1950,METROPOLITAN AV,4,11116.898305084746
1951,METROPOLITAN AV,5,8310.796610169491
1952,METROPOLITAN AV,6,6486.966101694915
1953,METS-WILLETS PT,0,3297.387931034483
1954,METS-WILLETS PT,1,3271.551724137931
1955,METS-WILLETS PT,2,3695.8706896551726
1956,METS-WILLETS PT,3,3661.7758620689656
1957,METS-WILLETS PT,4,3365.7844827586205
1958,METS-WILLETS PT,5,5889.008620689655
1959,METS-WILLETS PT,6,5564.706896551724
1960,MIDDLETOWN RD,0,1873.4310344827586
1961,MIDDLETOWN RD,1,2046.0172413793102
1962,MIDDLETOWN RD,2,2087.551724137931
1963,MIDDLETOWN RD,3,2063.5
1964,MIDDLETOWN RD,4,2002.909090909091
1965,MIDDLETOWN RD,5,792.6206896551724
1966,MIDDLETOWN RD,6,564.2241379310345
1967,MONTROSE AV,0,5708.440677966101
1968,MONTROSE AV,1,6066.796610169492
1969,MONTROSE AV,2,6372.448275862069
1970,MONTROSE AV,3,6292.6551724137935
1971,MONTROSE AV,4,6335.913793103448
1972,MONTROSE AV,5,3363.5593220338983
1973,MONTROSE AV,6,2731.9830508474574
1974,MORGAN AV,0,6001.118644067797
1975,MORGAN AV,1,6395.5847457627115
1976,MORGAN AV,2,6662.793103448276
1977,MORGAN AV,3,6554.724137931034
1978,MORGAN AV,4,6758.105263157895
1979,MORGAN AV,5,3807.101694915254
1980,MORGAN AV,6,3088.406779661017
1981,MORISN AV/SNDVW,0,5737.568965517241
1982,MORISN AV/SNDVW,1,5976.758620689655
1983,MORISN AV/SNDVW,2,6170.0344827586205
1984,MORISN AV/SNDVW,3,6149.474137931034
1985,MORISN AV/SNDVW,4,7236.586206896552
1986,MORISN AV/SNDVW,5,3609.7844827586205
1987,MORISN AV/SNDVW,6,2626.0689655172414
1988,MORRIS PARK,0,2233.4137931034484
1989,MORRIS PARK,1,2442.2413793103447
1990,MORRIS PARK,2,2533.9827586206898
1991,MORRIS PARK,3,2497.9137931034484
1992,MORRIS PARK,4,2397.8275862068967
1993,MORRIS PARK,5,702.6379310344828
1994,MORRIS PARK,6,480.94827586206895
1995,MOSHOLU PKWY,0,7237.517241379311
1996,MOSHOLU PKWY,1,7716.4655172413795
1997,MOSHOLU PKWY,2,7960.637931034483
1998,MOSHOLU PKWY,3,7862.75
1999,MOSHOLU PKWY,4,7613.5948275862065
2000,MOSHOLU PKWY,5,4234.172413793103
2001,MOSHOLU PKWY,6,3242.051724137931
2002,MT EDEN AV,0,4709.879310344828
2003,MT EDEN AV,1,4967.241379310345
2004,MT EDEN AV,2,5117.137931034483
2005,MT EDEN AV,3,5099.724137931034
2006,MT EDEN AV,4,4984.310344827586
2007,MT EDEN AV,5,2776.0862068965516
2008,MT EDEN AV,6,2094.8793103448274
2009,MYRTLE AV,0,10363.0
2010,MYRTLE AV,1,11105.271186440677
2011,MYRTLE AV,2,11414.101694915254
2012,MYRTLE AV,3,11155.372881355932
2013,MYRTLE AV,4,11320.189655172413
2014,MYRTLE AV,5,6890.423728813559
2015,MYRTLE AV,6,5617.745762711865
2016,MYRTLE-WILLOUGH,0,5215.5084745762715
2017,MYRTLE-WILLOUGH,1,5592.423728813559
2018,MYRTLE-WILLOUGH,2,5738.610169491525
2019,MYRTLE-WILLOUGH,3,5736.847457627118
2020,MYRTLE-WILLOUGH,4,5668.203389830508
2021,MYRTLE-WILLOUGH,5,2503.3728813559323
2022,MYRTLE-WILLOUGH,6,2090.35593220339
2023,MYRTLE-WYCKOFF,0,17563.01694915254
2024,MYRTLE-WYCKOFF,1,18565.64406779661
2025,MYRTLE-WYCKOFF,2,18968.28813559322
2026,MYRTLE-WYCKOFF,3,18906.372881355932
2027,MYRTLE-WYCKOFF,4,19060.050847457627
2028,MYRTLE-WYCKOFF,5,13055.169491525423
2029,MYRTLE-WYCKOFF,6,9821.483050847457
2030,NASSAU AV,0,8091.754237288135
2031,NASSAU AV,1,8836.101694915254
2032,NASSAU AV,2,9021.559322033898
2033,NASSAU AV,3,8999.322033898305
2034,NASSAU AV,4,8773.822033898305
2035,NASSAU AV,5,4743.076271186441
2036,NASSAU AV,6,3594.762711864407
2037,NECK RD,0,4055.677966101695
2038,NECK RD,1,6029.8983050847455
2039,NECK RD,2,4397.067796610169
2040,NECK RD,3,4468.186440677966
2041,NECK RD,4,4266.6949152542375
2042,NECK RD,5,2400.576271186441
2043,NECK RD,6,1940.7457627118645
2044,NEPTUNE AV,0,1343.8620689655172
2045,NEPTUNE AV,1,1449.2586206896551
2046,NEPTUNE AV,2,1500.6896551724137
2047,NEPTUNE AV,3,1485.3620689655172
2048,NEPTUNE AV,4,1399.1724137931035
2049,NEPTUNE AV,5,481.08620689655174
2050,NEPTUNE AV,6,403.4310344827586
2051,NEREID AV,0,3056.7758620689656
2052,NEREID AV,1,3249.9827586206898
2053,NEREID AV,2,3344.5
2054,NEREID AV,3,3315.206896551724
2055,NEREID AV,4,3229.2758620689656
2056,NEREID AV,5,1523.7241379310344
2057,NEREID AV,6,1098.655172413793
2058,NEVINS ST,0,8960.034482758621
2059,NEVINS ST,1,9461.637931034482
2060,NEVINS ST,2,9768.379310344828
2061,NEVINS ST,3,9726.5
2062,NEVINS ST,4,9630.206896551725
2063,NEVINS ST,5,5161.974137931034
2064,NEVINS ST,6,3720.5
2065,NEW LOTS,0,3997.830508474576
2066,NEW LOTS,1,4326.086206896552
2067,NEW LOTS,2,4477.859649122807
2068,NEW LOTS,3,4417.210526315789
2069,NEW LOTS,4,4353.175438596491
2070,NEW LOTS,5,2100.0677966101694
2071,NEW LOTS,6,1588.7457627118645
2072,NEW LOTS AV,0,5059.137931034483
2073,NEW LOTS AV,1,5415.724137931034
2074,NEW LOTS AV,2,5551.896551724138
2075,NEW LOTS AV,3,5484.5344827586205
2076,NEW LOTS AV,4,5450.824561403509
2077,NEW LOTS AV,5,2360.5862068965516
2078,NEW LOTS AV,6,1831.896551724138
2079,NEW UTRECHT AV,0,4183.771186440678
2080,NEW UTRECHT AV,1,4349.067796610169
2081,NEW UTRECHT AV,2,4459.8983050847455
2082,NEW UTRECHT AV,3,4498.135593220339
2083,NEW UTRECHT AV,4,4306.830508474576
2084,NEW UTRECHT AV,5,3697.762711864407
2085,NEW UTRECHT AV,6,2564.322033898305
2086,NEWARK BM BW,0,14405.155172413793
2087,NEWARK BM BW,1,22308.905172413793
2088,NEWARK BM BW,2,17288.931034482757
2089,NEWARK BM BW,3,16339.818965517241
2090,NEWARK BM BW,4,17194.258620689656
2091,NEWARK BM BW,5,9362.241379310344
2092,NEWARK BM BW,6,5244.370689655172
2093,NEWARK C,0,10448.818965517241
2094,NEWARK C,1,7965.8448275862065
2095,NEWARK C,2,7021.396551724138
2096,NEWARK C,3,8157.870689655172
2097,NEWARK C,4,7791.767241379311
2098,NEWARK C,5,901.0
2099,NEWARK C,6,693.9310344827586
2100,NEWARK HM HE,0,1058.0
2101,NEWARK HM HE,1,3616.0
2102,NEWARK HM HE,2,1478.1637931034484
2103,NEWARK HM HE,3,1073.0172413793102
2104,NEWARK HM HE,4,2391.948275862069
2105,NEWARK HM HE,5,2759.0344827586205
2106,NEWARK HM HE,6,176.55172413793105
2107,NEWARK HW BMEBE,0,5536.758620689655
2108,NEWARK HW BMEBE,1,5988.4051724137935
2109,NEWARK HW BMEBE,2,8905.474137931034
2110,NEWARK HW BMEBE,3,7654.396551724138
2111,NEWARK HW BMEBE,4,5217.327586206897
2112,NEWARK HW BMEBE,5,3540.4913793103447
2113,NEWARK HW BMEBE,6,3073.5344827586205
2114,NEWKIRK AV,0,6643.879310344828
2115,NEWKIRK AV,1,7054.5
2116,NEWKIRK AV,2,7233.3448275862065
2117,NEWKIRK AV,3,7202.017241379311
2118,NEWKIRK AV,4,7104.948275862069
2119,NEWKIRK AV,5,3351.362068965517
2120,NEWKIRK AV,6,2566.448275862069
2121,NEWKIRK PLAZA,0,9592.093220338984
2122,NEWKIRK PLAZA,1,10194.389830508475
2123,NEWKIRK PLAZA,2,10473.457627118643
2124,NEWKIRK PLAZA,3,10424.77966101695
2125,NEWKIRK PLAZA,4,10171.186440677966
2126,NEWKIRK PLAZA,5,5756.661016949152
2127,NEWKIRK PLAZA,6,4656.389830508475
2128,NORTHERN BLVD,0,6238.406779661017
2129,NORTHERN BLVD,1,9821.033898305084
2130,NORTHERN BLVD,2,6840.440677966101
2131,NORTHERN BLVD,3,6795.525423728814
2132,NORTHERN BLVD,4,6669.949152542373
2133,NORTHERN BLVD,5,3204.762711864407
2134,NORTHERN BLVD,6,2486.864406779661
2135,NORWOOD 205 ST,0,7629.423728813559
2136,NORWOOD 205 ST,1,8086.728813559322
2137,NORWOOD 205 ST,2,8368.237288135593
2138,NORWOOD 205 ST,3,8339.084745762711
2139,NORWOOD 205 ST,4,8117.440677966101
2140,NORWOOD 205 ST,5,4429.203389830508
2141,NORWOOD 205 ST,6,3475.008474576271
2142,NORWOOD AV,0,2835.9322033898306
2143,NORWOOD AV,1,2995.0677966101694
2144,NORWOOD AV,2,3091.8474576271187
2145,NORWOOD AV,3,3072.406779661017
2146,NORWOOD AV,4,3057.8474576271187
2147,NORWOOD AV,5,1515.2881355932204
2148,NORWOOD AV,6,1159.2711864406779
2149,NOSTRAND AV,0,18670.728813559323
2150,NOSTRAND AV,1,19814.050847457627
2151,NOSTRAND AV,2,20179.237288135595
2152,NOSTRAND AV,3,20341.033898305086
2153,NOSTRAND AV,4,21263.313559322032
2154,NOSTRAND AV,5,13732.64406779661
2155,NOSTRAND AV,6,10644.016949152543
2156,OCEAN PKWY,0,2995.4745762711864
2157,OCEAN PKWY,1,5970.627118644068
2158,OCEAN PKWY,2,3222.6271186440677
2159,OCEAN PKWY,3,3137.6271186440677
2160,OCEAN PKWY,4,3034.4310344827586
2161,OCEAN PKWY,5,1948.5593220338983
2162,OCEAN PKWY,6,1642.6610169491526
2163,ORCHARD BEACH,0,34.91304347826087
2164,ORCHARD BEACH,1,22.391304347826086
2165,ORCHARD BEACH,2,47.52173913043478
2166,ORCHARD BEACH,3,4.434782608695652
2167,ORCHARD BEACH,4,771.8260869565217
2168,ORCHARD BEACH,5,170.3913043478261
2169,ORCHARD BEACH,6,256.69565217391306
2170,OZONE PK LEFFRT,0,7073.033898305085
2171,OZONE PK LEFFRT,1,7512.728813559322
2172,OZONE PK LEFFRT,2,7702.033898305085
2173,OZONE PK LEFFRT,3,7612.067796610169
2174,OZONE PK LEFFRT,4,7404.237288135593
2175,OZONE PK LEFFRT,5,3605.7796610169494
2176,OZONE PK LEFFRT,6,2667.677966101695
2177,PARK PLACE,0,4258.338983050848
2178,PARK PLACE,1,4637.35593220339
2179,PARK PLACE,2,4758.135593220339
2180,PARK PLACE,3,4666.423728813559
2181,PARK PLACE,4,4339.728813559322
2182,PARK PLACE,5,1669.0338983050847
2183,PARK PLACE,6,1302.2203389830509
2184,PARKCHESTER,0,13932.362068965518
2185,PARKCHESTER,1,15041.689655172413
2186,PARKCHESTER,2,15371.577586206897
2187,PARKCHESTER,3,15416.741379310344
2188,PARKCHESTER,4,15080.534482758621
2189,PARKCHESTER,5,8193.98275862069
2190,PARKCHESTER,6,6209.741379310345
2191,PARKSIDE AV,0,5499.1016949152545
2192,PARKSIDE AV,1,5767.5084745762715
2193,PARKSIDE AV,2,5936.847457627118
2194,PARKSIDE AV,3,5879.186440677966
2195,PARKSIDE AV,4,5872.4915254237285
2196,PARKSIDE AV,5,3640.271186440678
2197,PARKSIDE AV,6,2967.3728813559323
2198,PARSONS BLVD,0,5986.677966101695
2199,PARSONS BLVD,1,6302.0847457627115
2200,PARSONS BLVD,2,6524.796610169492
2201,PARSONS BLVD,3,6484.881355932203
2202,PARSONS BLVD,4,6297.457627118644
2203,PARSONS BLVD,5,3784.576271186441
2204,PARSONS BLVD,6,2901.322033898305
2205,PATH NEW WTC,0,52248.5
2206,PATH NEW WTC,1,60704.48275862069
2207,PATH NEW WTC,2,61472.73275862069
2208,PATH NEW WTC,3,58864.8275862069
2209,PATH NEW WTC,4,54125.75
2210,PATH NEW WTC,5,24574.327586206895
2211,PATH NEW WTC,6,16008.48275862069
2212,PATH WTC 2,0,3895.301724137931
2213,PATH WTC 2,1,4686.517241379311
2214,PATH WTC 2,2,3226.155172413793
2215,PATH WTC 2,3,3248.5
2216,PATH WTC 2,4,2718.8275862068967
2217,PATH WTC 2,5,1122.344827586207
2218,PATH WTC 2,6,1115.3706896551723
2219,PAVONIA/NEWPORT,0,17026.73275862069
2220,PAVONIA/NEWPORT,1,18778.853448275862
2221,PAVONIA/NEWPORT,2,18968.525862068964
2222,PAVONIA/NEWPORT,3,19490.77192982456
2223,PAVONIA/NEWPORT,4,17693.594827586207
2224,PAVONIA/NEWPORT,5,7462.836206896552
2225,PAVONIA/NEWPORT,6,4867.758620689655
2226,PELHAM BAY PARK,0,6394.810344827586
2227,PELHAM BAY PARK,1,6825.4655172413795
2228,PELHAM BAY PARK,2,6961.0
2229,PELHAM BAY PARK,3,6898.129310344828
2230,PELHAM BAY PARK,4,6642.5948275862065
2231,PELHAM BAY PARK,5,3426.0344827586205
2232,PELHAM BAY PARK,6,2683.293103448276
2233,PELHAM PKWY,0,10187.060344827587
2234,PELHAM PKWY,1,10880.801724137931
2235,PELHAM PKWY,2,11431.5
2236,PELHAM PKWY,3,11081.560344827587
2237,PELHAM PKWY,4,10961.586206896553
2238,PELHAM PKWY,5,5513.741379310345
2239,PELHAM PKWY,6,3970.0
2240,PENNSYLVANIA AV,0,3970.655172413793
2241,PENNSYLVANIA AV,1,4235.793103448276
2242,PENNSYLVANIA AV,2,4379.070175438596
2243,PENNSYLVANIA AV,3,4357.543859649123
2244,PENNSYLVANIA AV,4,4205.175438596491
2245,PENNSYLVANIA AV,5,1933.155172413793
2246,PENNSYLVANIA AV,6,1469.5
2247,PRESIDENT ST,0,3493.0689655172414
2248,PRESIDENT ST,1,3750.1724137931033
2249,PRESIDENT ST,2,3875.862068965517
2250,PRESIDENT ST,3,3835.310344827586
2251,PRESIDENT ST,4,3638.0172413793102
2252,PRESIDENT ST,5,1563.155172413793
2253,PRESIDENT ST,6,1188.6379310344828
2254,PRINCE ST,0,13184.372881355932
2255,PRINCE ST,1,11944.237288135593
2256,PRINCE ST,2,12656.93220338983
2257,PRINCE ST,3,12444.152542372882
2258,PRINCE ST,4,13233.949152542373
2259,PRINCE ST,5,11983.457627118643
2260,PRINCE ST,6,9460.56779661017
2261,PROSPECT AV,0,11176.57627118644
2262,PROSPECT AV,1,11879.398305084746
2263,PROSPECT AV,2,12899.864406779661
2264,PROSPECT AV,3,12997.033898305084
2265,PROSPECT AV,4,12000.474576271186
2266,PROSPECT AV,5,5846.64406779661
2267,PROSPECT AV,6,4397.271186440678
2268,PROSPECT PARK,0,8966.474576271186
2269,PROSPECT PARK,1,9595.694915254237
2270,PROSPECT PARK,2,9896.135593220339
2271,PROSPECT PARK,3,9786.35593220339
2272,PROSPECT PARK,4,9758.152542372882
2273,PROSPECT PARK,5,6603.3050847457625
2274,PROSPECT PARK,6,6064.220338983051
2275,QUEENS PLAZA,0,12269.966101694916
2276,QUEENS PLAZA,1,13380.949152542373
2277,QUEENS PLAZA,2,13580.050847457627
2278,QUEENS PLAZA,3,13643.898305084746
2279,QUEENS PLAZA,4,12446.661016949152
2280,QUEENS PLAZA,5,7048.067796610169
2281,QUEENS PLAZA,6,5250.6949152542375
2282,QUEENSBORO PLZ,0,12910.465517241379
2283,QUEENSBORO PLZ,1,13628.344827586207
2284,QUEENSBORO PLZ,2,13982.051724137931
2285,QUEENSBORO PLZ,3,13840.862068965518
2286,QUEENSBORO PLZ,4,13669.775862068966
2287,QUEENSBORO PLZ,5,14361.172413793103
2288,QUEENSBORO PLZ,6,10573.327586206897
2289,RALPH AV,0,5181.847457627118
2290,RALPH AV,1,5444.016949152542
2291,RALPH AV,2,5624.135593220339
2292,RALPH AV,3,5596.016949152542
2293,RALPH AV,4,5544.661016949152
2294,RALPH AV,5,3588.0508474576272
2295,RALPH AV,6,2826.2542372881358
2296,RECTOR ST,0,15234.915254237289
2297,RECTOR ST,1,14783.601694915254
2298,RECTOR ST,2,15054.110169491525
2299,RECTOR ST,3,15521.525423728814
2300,RECTOR ST,4,14690.033898305084
2301,RECTOR ST,5,7117.847457627118
2302,RECTOR ST,6,5115.966101694915
2303,RIT-MANHATTAN,0,2737.3061224489797
2304,RIT-MANHATTAN,1,2670.6145833333335
2305,RIT-MANHATTAN,2,2737.148936170213
2306,RIT-MANHATTAN,3,2678.478260869565
2307,RIT-MANHATTAN,4,2735.195652173913
2308,RIT-MANHATTAN,5,3427.6938775510203
2309,RIT-MANHATTAN,6,3134.408163265306
2310,RIT-ROOSEVELT,0,2770.0272727272727
2311,RIT-ROOSEVELT,1,2628.6545454545453
2312,RIT-ROOSEVELT,2,2765.2
2313,RIT-ROOSEVELT,3,2729.3636363636365
2314,RIT-ROOSEVELT,4,2808.259259259259
2315,RIT-ROOSEVELT,5,3553.5535714285716
2316,RIT-ROOSEVELT,6,3141.5454545454545
2317,ROCKAWAY AV,0,9339.254237288136
2318,ROCKAWAY AV,1,9907.016949152543
2319,ROCKAWAY AV,2,10105.686440677966
2320,ROCKAWAY AV,3,10095.847457627118
2321,ROCKAWAY AV,4,10132.06779661017
2322,ROCKAWAY AV,5,5444.550847457627
2323,ROCKAWAY AV,6,4273.389830508475
2324,ROCKAWAY BLVD,0,6807.881355932203
2325,ROCKAWAY BLVD,1,7241.525423728814
2326,ROCKAWAY BLVD,2,7450.254237288135
2327,ROCKAWAY BLVD,3,7363.6949152542375
2328,ROCKAWAY BLVD,4,7190.728813559322
2329,ROCKAWAY BLVD,5,4113.050847457627
2330,ROCKAWAY BLVD,6,3076.0
2331,ROCKAWAY PARK B,0,718.8983050847457
2332,ROCKAWAY PARK B,1,707.3559322033898
2333,ROCKAWAY PARK B,2,725.8474576271186
2334,ROCKAWAY PARK B,3,703.9491525423729
2335,ROCKAWAY PARK B,4,729.5254237288135
2336,ROCKAWAY PARK B,5,556.6101694915254
2337,ROCKAWAY PARK B,6,528.4067796610169
2338,ROOSEVELT ISLND,0,6310.586206896552
2339,ROOSEVELT ISLND,1,6862.210526315789
2340,ROOSEVELT ISLND,2,7047.666666666667
2341,ROOSEVELT ISLND,3,7044.561403508772
2342,ROOSEVELT ISLND,4,6990.017543859649
2343,ROOSEVELT ISLND,5,4097.9655172413795
2344,ROOSEVELT ISLND,6,3352.4310344827586
2345,SARATOGA AV,0,4830.568965517241
2346,SARATOGA AV,1,5333.689655172414
2347,SARATOGA AV,2,5279.017241379311
2348,SARATOGA AV,3,5124.362068965517
2349,SARATOGA AV,4,5070.431034482759
2350,SARATOGA AV,5,2086.206896551724
2351,SARATOGA AV,6,1597.2931034482758
2352,SENECA AVE,0,2481.9322033898306
2353,SENECA AVE,1,2608.915254237288
2354,SENECA AVE,2,2695.5254237288136
2355,SENECA AVE,3,2699.9830508474574
2356,SENECA AVE,4,2682.2542372881358
2357,SENECA AVE,5,1640.593220338983
2358,SENECA AVE,6,1287.5254237288136
2359,SHEEPSHEAD BAY,0,12732.305084745763
2360,SHEEPSHEAD BAY,1,13428.78813559322
2361,SHEEPSHEAD BAY,2,13883.593220338984
2362,SHEEPSHEAD BAY,3,13503.559322033898
2363,SHEEPSHEAD BAY,4,13021.189655172413
2364,SHEEPSHEAD BAY,5,6236.271186440678
2365,SHEEPSHEAD BAY,6,5370.4152542372885
2366,SHEPHERD AV,0,2901.406779661017
2367,SHEPHERD AV,1,3067.7966101694915
2368,SHEPHERD AV,2,3157.2881355932204
2369,SHEPHERD AV,3,3164.1271186440677
2370,SHEPHERD AV,4,3102.3389830508477
2371,SHEPHERD AV,5,1727.1864406779662
2372,SHEPHERD AV,6,1335.8305084745762
2373,SIMPSON ST,0,7359.112068965517
2374,SIMPSON ST,1,7843.672413793103
2375,SIMPSON ST,2,8010.741379310345
2376,SIMPSON ST,3,7818.396551724138
2377,SIMPSON ST,4,8038.672413793103
2378,SIMPSON ST,5,4463.8448275862065
2379,SIMPSON ST,6,3143.5344827586205
2380,SMITH-9 ST,0,4042.4310344827586
2381,SMITH-9 ST,1,4317.0344827586205
2382,SMITH-9 ST,2,4447.982758620689
2383,SMITH-9 ST,3,4387.206896551724
2384,SMITH-9 ST,4,4372.879310344828
2385,SMITH-9 ST,5,2604.5689655172414
2386,SMITH-9 ST,6,1880.0344827586207
2387,SOUTH FERRY,0,14316.98275862069
2388,SOUTH FERRY,1,15669.76724137931
2389,SOUTH FERRY,2,15563.491379310344
2390,SOUTH FERRY,3,15944.293103448275
2391,SOUTH FERRY,4,15000.637931034482
2392,SOUTH FERRY,5,7522.086206896552
2393,SOUTH FERRY,6,6776.741379310345
2394,SPRING ST,0,20227.491525423728
2395,SPRING ST,1,21870.84745762712
2396,SPRING ST,2,22264.15254237288
2397,SPRING ST,3,22683.305084745763
2398,SPRING ST,4,22654.372881355932
2399,SPRING ST,5,13280.57627118644
2400,SPRING ST,6,10401.49152542373
2401,ST LAWRENCE AV,0,3655.0689655172414
2402,ST LAWRENCE AV,1,3832.948275862069
2403,ST LAWRENCE AV,2,3922.5862068965516
2404,ST LAWRENCE AV,3,3919.4310344827586
2405,ST LAWRENCE AV,4,3887.206896551724
2406,ST LAWRENCE AV,5,2300.7586206896553
2407,ST LAWRENCE AV,6,1834.1379310344828
2408,ST. GEORGE,0,12456.827586206897
2409,ST. GEORGE,1,13692.98275862069
2410,ST. GEORGE,2,13890.465517241379
2411,ST. GEORGE,3,13613.818965517241
2412,ST. GEORGE,4,12495.48275862069
2413,ST. GEORGE,5,3598.8275862068967
2414,ST. GEORGE,6,2624.2758620689656
2415,STEINWAY ST,0,13136.93220338983
2416,STEINWAY ST,1,14081.186440677966
2417,STEINWAY ST,2,14482.983050847457
2418,STEINWAY ST,3,14335.372881355932
2419,STEINWAY ST,4,14502.71186440678
2420,STEINWAY ST,5,10306.542372881357
2421,STEINWAY ST,6,7834.830508474576
2422,STERLING ST,0,5218.724137931034
2423,STERLING ST,1,5553.741379310345
2424,STERLING ST,2,5676.327586206897
2425,STERLING ST,3,5678.3448275862065
2426,STERLING ST,4,5618.724137931034
2427,STERLING ST,5,2862.9827586206898
2428,STERLING ST,6,2266.844827586207
2429,SUTPHIN BLVD,0,3995.35593220339
2430,SUTPHIN BLVD,1,4230.864406779661
2431,SUTPHIN BLVD,2,4329.881355932203
2432,SUTPHIN BLVD,3,4258.932203389831
2433,SUTPHIN BLVD,4,4134.237288135593
2434,SUTPHIN BLVD,5,2300.728813559322
2435,SUTPHIN BLVD,6,1770.8983050847457
2436,SUTPHIN-ARCHER,0,21078.53448275862
2437,SUTPHIN-ARCHER,1,21729.724137931036
2438,SUTPHIN-ARCHER,2,22112.672413793105
2439,SUTPHIN-ARCHER,3,22320.931034482757
2440,SUTPHIN-ARCHER,4,22326.310344827587
2441,SUTPHIN-ARCHER,5,10988.362068965518
2442,SUTPHIN-ARCHER,6,8743.568965517241
2443,SUTTER AV,0,3385.5593220338983
2444,SUTTER AV,1,3594.4745762711864
2445,SUTTER AV,2,3682.0677966101694
2446,SUTTER AV,3,3621.101694915254
2447,SUTTER AV,4,3609.322033898305
2448,SUTTER AV,5,1823.4915254237287
2449,SUTTER AV,6,1402.677966101695
2450,SUTTER AV-RUTLD,0,6022.422413793103
2451,SUTTER AV-RUTLD,1,6410.4655172413795
2452,SUTTER AV-RUTLD,2,6590.948275862069
2453,SUTTER AV-RUTLD,3,6515.5
2454,SUTTER AV-RUTLD,4,6391.663793103448
2455,SUTTER AV-RUTLD,5,2845.4827586206898
2456,SUTTER AV-RUTLD,6,2176.137931034483
2457,THIRTY ST,0,9326.129310344828
2458,THIRTY ST,1,14089.465517241379
2459,THIRTY ST,2,11410.818965517241
2460,THIRTY ST,3,10381.801724137931
2461,THIRTY ST,4,13748.370689655172
2462,THIRTY ST,5,2704.362068965517
2463,THIRTY ST,6,2156.551724137931
2464,THIRTY THIRD ST,0,20510.51724137931
2465,THIRTY THIRD ST,1,22691.939655172413
2466,THIRTY THIRD ST,2,24014.974137931036
2467,THIRTY THIRD ST,3,22777.887931034482
2468,THIRTY THIRD ST,4,19454.181034482757
2469,THIRTY THIRD ST,5,8503.396551724138
2470,THIRTY THIRD ST,6,6516.0
2471,TIMES SQ-42 ST,0,76759.5
2472,TIMES SQ-42 ST,1,85742.35593220338
2473,TIMES SQ-42 ST,2,88490.3813559322
2474,TIMES SQ-42 ST,3,88162.1186440678
2475,TIMES SQ-42 ST,4,84396.44067796611
2476,TIMES SQ-42 ST,5,50079.15254237288
2477,TIMES SQ-42 ST,6,40529.82203389831
2478,TOMPKINSVILLE,0,667.1551724137931
2479,TOMPKINSVILLE,1,822.801724137931
2480,TOMPKINSVILLE,2,762.0862068965517
2481,TOMPKINSVILLE,3,762.0344827586207
2482,TOMPKINSVILLE,4,726.5
2483,TOMPKINSVILLE,5,416.98275862068965
2484,TOMPKINSVILLE,6,267.4655172413793
2485,TREMONT AV,0,9574.338983050848
2486,TREMONT AV,1,9774.686440677966
2487,TREMONT AV,2,10182.542372881357
2488,TREMONT AV,3,10248.584745762711
2489,TREMONT AV,4,12761.584745762711
2490,TREMONT AV,5,5788.796610169492
2491,TREMONT AV,6,4684.4915254237285
2492,TWENTY THIRD ST,0,10252.543103448275
2493,TWENTY THIRD ST,1,10057.991379310344
2494,TWENTY THIRD ST,2,8485.0
2495,TWENTY THIRD ST,3,8367.301724137931
2496,TWENTY THIRD ST,4,7289.706896551724
2497,TWENTY THIRD ST,5,3766.8793103448274
2498,TWENTY THIRD ST,6,3248.1206896551726
2499,UNION ST,0,5966.796610169492
2500,UNION ST,1,6574.796610169492
2501,UNION ST,2,6728.169491525424
2502,UNION ST,3,6750.254237288135
2503,UNION ST,4,6423.5084745762715
2504,UNION ST,5,3389.322033898305
2505,UNION ST,6,2742.508474576271
2506,UTICA AV,0,14293.864406779661
2507,UTICA AV,1,15269.42372881356
2508,UTICA AV,2,15754.966101694916
2509,UTICA AV,3,15620.728813559323
2510,UTICA AV,4,15520.57627118644
2511,UTICA AV,5,10166.016949152543
2512,UTICA AV,6,8095.779661016949
2513,V.CORTLANDT PK,0,6965.293103448276
2514,V.CORTLANDT PK,1,7543.931034482759
2515,V.CORTLANDT PK,2,7744.982758620689
2516,V.CORTLANDT PK,3,7655.293103448276
2517,V.CORTLANDT PK,4,7546.862068965517
2518,V.CORTLANDT PK,5,3577.8793103448274
2519,V.CORTLANDT PK,6,2684.948275862069
2520,VAN SICLEN AV,0,4943.135593220339
2521,VAN SICLEN AV,1,5252.745762711865
2522,VAN SICLEN AV,2,5403.220338983051
2523,VAN SICLEN AV,3,6044.050847457627
2524,VAN SICLEN AV,4,5128.932203389831
2525,VAN SICLEN AV,5,2528.4745762711864
2526,VAN SICLEN AV,6,1958.406779661017
2527,VAN SICLEN AVE,0,2696.35593220339
2528,VAN SICLEN AVE,1,2836.830508474576
2529,VAN SICLEN AVE,2,2952.186440677966
2530,VAN SICLEN AVE,3,2909.9322033898306
2531,VAN SICLEN AVE,4,2911.0169491525426
2532,VAN SICLEN AVE,5,1747.2203389830509
2533,VAN SICLEN AVE,6,1352.3728813559321
2534,VERNON-JACKSON,0,13009.620689655172
2535,VERNON-JACKSON,1,14171.0
2536,VERNON-JACKSON,2,14630.793103448275
2537,VERNON-JACKSON,3,14572.396551724138
2538,VERNON-JACKSON,4,13998.689655172413
2539,VERNON-JACKSON,5,6641.551724137931
2540,VERNON-JACKSON,6,5066.8448275862065
2541,W 4 ST-WASH SQ,0,29391.21186440678
2542,W 4 ST-WASH SQ,1,32888.64406779661
2543,W 4 ST-WASH SQ,2,33425.101694915254
2544,W 4 ST-WASH SQ,3,33679.186440677964
2545,W 4 ST-WASH SQ,4,33313.372881355936
2546,W 4 ST-WASH SQ,5,24464.35593220339
2547,W 4 ST-WASH SQ,6,20616.372881355932
2548,W 8 ST-AQUARIUM,0,2308.3389830508477
2549,W 8 ST-AQUARIUM,1,2318.1525423728813
2550,W 8 ST-AQUARIUM,2,2434.7796610169494
2551,W 8 ST-AQUARIUM,3,2374.9137931034484
2552,W 8 ST-AQUARIUM,4,2312.637931034483
2553,W 8 ST-AQUARIUM,5,1853.8305084745762
2554,W 8 ST-AQUARIUM,6,1503.6610169491526
2555,WAKEFIELD/241,0,4344.431034482759
2556,WAKEFIELD/241,1,4542.827586206897
2557,WAKEFIELD/241,2,4642.913793103448
2558,WAKEFIELD/241,3,4590.689655172414
2559,WAKEFIELD/241,4,4546.931034482759
2560,WAKEFIELD/241,5,2611.896551724138
2561,WAKEFIELD/241,6,1992.0862068965516
2562,WALL ST,0,38334.65517241379
2563,WALL ST,1,44506.06034482759
2564,WALL ST,2,43179.15517241379
2565,WALL ST,3,44725.5775862069
2566,WALL ST,4,38994.870689655174
2567,WALL ST,5,13033.01724137931
2568,WALL ST,6,8454.775862068966
2569,WEST FARMS SQ,0,5954.241379310345
2570,WEST FARMS SQ,1,6541.810344827586
2571,WEST FARMS SQ,2,6934.948275862069
2572,WEST FARMS SQ,3,6414.620689655172
2573,WEST FARMS SQ,4,6434.103448275862
2574,WEST FARMS SQ,5,3495.7586206896553
2575,WEST FARMS SQ,6,2619.5172413793102
2576,WESTCHESTER SQ,0,5424.310344827586
2577,WESTCHESTER SQ,1,5812.741379310345
2578,WESTCHESTER SQ,2,5942.879310344828
2579,WESTCHESTER SQ,3,5856.362068965517
2580,WESTCHESTER SQ,4,5760.5
2581,WESTCHESTER SQ,5,2710.353448275862
2582,WESTCHESTER SQ,6,1817.6379310344828
2583,WHITEHALL S-FRY,0,16665.830508474577
2584,WHITEHALL S-FRY,1,17866.64406779661
2585,WHITEHALL S-FRY,2,18077.77966101695
2586,WHITEHALL S-FRY,3,18147.813559322032
2587,WHITEHALL S-FRY,4,17057.118644067796
2588,WHITEHALL S-FRY,5,8125.6949152542375
2589,WHITEHALL S-FRY,6,6340.296610169492
2590,WHITLOCK AV,0,1697.5862068965516
2591,WHITLOCK AV,1,1793.4310344827586
2592,WHITLOCK AV,2,1850.8620689655172
2593,WHITLOCK AV,3,1846.3793103448277
2594,WHITLOCK AV,4,1814.1206896551723
2595,WHITLOCK AV,5,1025.155172413793
2596,WHITLOCK AV,6,776.6551724137931
2597,WILSON AV,0,3926.0677966101694
2598,WILSON AV,1,4176.423728813559
2599,WILSON AV,2,4309.0847457627115
2600,WILSON AV,3,4280.0847457627115
2601,WILSON AV,4,4244.9152542372885
2602,WILSON AV,5,2140.64406779661
2603,WILSON AV,6,1781.0677966101696
2604,WINTHROP ST,0,6386.224137931034
2605,WINTHROP ST,1,6908.379310344828
2606,WINTHROP ST,2,7100.637931034483
2607,WINTHROP ST,3,7026.517241379311
2608,WINTHROP ST,4,6837.948275862069
2609,WINTHROP ST,5,2761.2758620689656
2610,WINTHROP ST,6,2069.6206896551726
2611,WOODHAVEN BLVD,0,22535.64406779661
2612,WOODHAVEN BLVD,1,23537.28813559322
2613,WOODHAVEN BLVD,2,24222.79661016949
2614,WOODHAVEN BLVD,3,24116.525423728814
2615,WOODHAVEN BLVD,4,24160.42372881356
2616,WOODHAVEN BLVD,5,12723.677966101695
2617,WOODHAVEN BLVD,6,9854.016949152543
2618,WOODLAWN,0,6122.4655172413795
2619,WOODLAWN,1,6493.5
2620,WOODLAWN,2,6704.422413793103
2621,WOODLAWN,3,6591.068965517241
2622,WOODLAWN,4,6346.879310344828
2623,WOODLAWN,5,3795.0689655172414
2624,WOODLAWN,6,2763.5
2625,WORLD TRADE CTR,0,15930.203389830509
2626,WORLD TRADE CTR,1,17597.71186440678
2627,WORLD TRADE CTR,2,17438.9406779661
2628,WORLD TRADE CTR,3,20725.22033898305
2629,WORLD TRADE CTR,4,16655.762711864405
2630,WORLD TRADE CTR,5,7268.525423728814
2631,WORLD TRADE CTR,6,5568.525423728814
2632,WTC-CORTLANDT,0,11627.179487179486
2633,WTC-CORTLANDT,1,12559.153846153846
2634,WTC-CORTLANDT,2,12544.102564102564
2635,WTC-CORTLANDT,3,13010.28205128205
2636,WTC-CORTLANDT,4,12706.384615384615
2637,WTC-CORTLANDT,5,8432.02564102564
2638,WTC-CORTLANDT,6,6035.384615384615
2639,YORK ST,0,9935.172413793103
2640,YORK ST,1,10902.258620689656
2641,YORK ST,2,11115.706896551725
2642,YORK ST,3,11081.586206896553
2643,YORK ST,4,10584.793103448275
2644,YORK ST,5,4660.775862068966
2645,YORK ST,6,4027.9137931034484
2646,ZEREGA AV,0,2403.2413793103447
2647,ZEREGA AV,1,2597.3275862068967
2648,ZEREGA AV,2,2645.4827586206898
2649,ZEREGA AV,3,2621.344827586207
2650,ZEREGA AV,4,2610.3362068965516
2651,ZEREGA AV,5,1200.4310344827586
2652,ZEREGA AV,6,903.5
